target_month,ticker,company_name,side,weight,me,prc,kind,last_target_month_in_panel
2021-01,GLIBA,G C I LIBERTY INC,long,1.36,9297.0,91.73,exits panel (delisted/acquired),2021-01
2021-01,DNKN,DUNKIN BRANDS GROUP INC,long,1.69,8775.0,106.48,exits panel (delisted/acquired),2021-01
2021-02,FIT,FITBIT INC,long,1.75,1697.0,6.93,exits panel (delisted/acquired),2021-02
2021-03,CLCT,COLLECTORS UNIVERSE INC,long,1.89,855.0,91.92,exits panel (delisted/acquired),2021-03
2021-04,PAND,PANDION THERAPEUTICS INC,short,-1.98,1772.0,60.05,exits panel (delisted/acquired),2021-04
2021-05,GLUU,GLU MOBILE INC,long,1.83,2204.0,12.5,exits panel (delisted/acquired),2021-05
2021-05,VAR,VARIAN MEDICAL SYSTEMS INC,long,1.83,16262.0,177.07,exits panel (delisted/acquired),2021-05
2021-12,RAVN,RAVEN INDUSTRIES INC,long,1.74,2086.0,58.08,exits panel (delisted/acquired),2021-12
2022-02,GTS,TRIPLE S MANAGEMENT CORP,long,1.66,856.0,35.99,exits panel (delisted/acquired),2022-02
2022-02,SC,SANTANDER CONSUMER USA HLDGS INC,short,-1.97,12734.0,41.6,exits panel (delisted/acquired),2022-02
2022-04,VRS,VERSO CORP,long,2.02,787.0,26.99,exits panel (delisted/acquired),2022-04
2022-04,BDSI,BIODELIVERY SCIENCES INTL INC,long,2.02,553.0,5.59,exits panel (delisted/acquired),2022-04
2022-07,CERN,CERNER CORP,long,1.88,27916.0,94.92,exits panel (delisted/acquired),2022-07
2022-08,SAFM,SANDERSON FARMS INC,long,1.85,4553.0,204.0,exits panel (delisted/acquired),2022-08
2022-08,NTUS,NATUS MEDICAL INC,long,1.85,1140.0,32.96,exits panel (delisted/acquired),2022-08
2022-08,WBT,WELBILT INC,short,-1.7,3438.0,24.01,exits panel (delisted/acquired),2022-08
2022-12,AKUS,AKOUOS INC,short,-1.87,491.0,13.29,exits panel (delisted/acquired),2022-12
2023-01,ABMD,ABIOMED INC,long,1.92,17181.0,381.02,exits panel (delisted/acquired),2023-01
2023-02,KNBE,KNOWBE4 INC,long,1.86,3304.0,24.89,exits panel (delisted/acquired),2023-02
2023-03,RFP,RESOLUTE FOREST PRODUCTS INC,long,2.0,1684.0,21.92,exits panel (delisted/acquired),2023-03
2023-04,IAA,I A A INC,short,-0.59,5340.0,39.89,exits panel (delisted/acquired),2023-04
2023-07,RXDX,PROMETHEUS BIOSCIENCES INC,short,-1.75,9559.0,199.92,exits panel (delisted/acquired),2023-07
2023-11,THRN,THORNE HEALTHTECH INC,long,1.99,549.0,10.19,exits panel (delisted/acquired),2023-11
2023-12,CCF,CHASE CORP,long,2.13,1214.0,127.49,exits panel (delisted/acquired),2023-12
2024-03,ROVR,ROVER GROUP INC,long,2.24,1998.0,10.99,exits panel (delisted/acquired),2024-03
2024-06,INBX,INHIBRX INC,long,2.2,1756.0,34.11,exits panel (delisted/acquired),2024-06
2024-07,DCPH,DECIPHERA PHARMACEUTICALS INC,long,2.16,2102.0,25.59,exits panel (delisted/acquired),2024-07
2024-08,CERE,CEREVEL THERAPEUTICS HLDGS INC,short,-1.85,8191.0,44.96,exits panel (delisted/acquired),2024-08
2024-10,SILK,SILK ROAD MEDICAL INC,long,1.95,1117.0,27.49,exits panel (delisted/acquired),2024-10
2024-10,HA,HAWAIIAN HOLDINGS INC,short,-1.82,936.0,18.0,exits panel (delisted/acquired),2024-10
2024-12,LBPH,LONGBOARD PHARMACEUTICALS INC,short,-1.83,2065.0,59.98,exits panel (delisted/acquired),2024-12
2025-02,GATO,GATOS SILVER INC,short,-0.76,1000.0,14.4,exits panel (delisted/acquired),2025-02
2025-04,AZPN,ASPEN TECHNOLOGY INC NEW,short,-1.86,16734.0,264.33,exits panel (delisted/acquired),2025-04
2025-05,ATSG,AIR TRANSPORT SERVICES GROUP INC,long,1.9,1481.0,22.48,exits panel (delisted/acquired),2025-05
2025-07,RDFN,REDFIN CORP,long,0.77,1433.0,11.19,exits panel (delisted/acquired),2025-07
2025-07,SWTX,SPRINGWORKS THERAPEUTICS INC,long,1.86,3541.0,46.99,exits panel (delisted/acquired),2025-07
2025-07,EVRI,EVERI HOLDINGS INC,long,1.86,1237.0,14.24,exits panel (delisted/acquired),2025-07
2025-08,RDUS,RADIUS RECYCLING INC,long,1.78,842.0,30.0,exits panel (delisted/acquired),2025-08
2025-09,BRKL,BROOKLINE BANCORP INC,long,1.35,976.0,10.95,exits panel (delisted/acquired),2025-09
2025-10,SPTN,SPARTANNASH CO,long,1.78,911.0,26.9,exits panel (delisted/acquired),2025-10
2025-10,COOP,MR COOPER GROUP INC,short,-0.94,13489.0,210.79,exits panel (delisted/acquired),2025-10
2025-12,PINC,PREMIER INC,long,1.88,2337.0,28.26,exits panel (delisted/acquired),2025-12
2025-12,MTSR,METSERA INC,short,-0.31,7429.0,70.5,exits panel (delisted/acquired),2025-12
2026-01,PRO,P R O S HOLDINGS INC,long,2.06,1123.0,23.25,exits panel (delisted/acquired),2026-01
2026-01,ODP,O D P CORP,long,2.06,843.0,28.0,exits panel (delisted/acquired),2026-01
2026-02,HOUS,ANYWHERE REAL ESTATE INC,long,0.44,1978.0,17.64,exits panel (delisted/acquired),2026-02
2026-05,ACLX,ARCELLX INC,short,-1.9,6729.0,115.07,exits panel (delisted/acquired),2026-05
2026-06,CSGS,C S G SYSTEMS INTERNATIONAL INC,long,2.17,2301.0,80.69,exits panel (delisted/acquired),2026-06
2026-06,SLNO,SOLENO THERAPEUTICS INC,short,-1.83,2763.0,53.01,exits panel (delisted/acquired),2026-06
2026-07,MASI,MASIMO CORP,long,2.19,9423.0,179.95,exits panel (delisted/acquired),2026-07
