date,spread,total
2021-01-04,0.0008223263392376565,0.0008258351111674811
2021-01-05,0.009649470790275822,0.009652979562205647
2021-01-06,0.0047176829496795745,0.004721191721609399
2021-01-07,-0.005121626041236279,-0.005118117269306454
2021-01-08,-0.0049263000944253415,-0.0049227913224955165
2021-01-11,0.0009020899051372853,0.0009055986770671099
2021-01-12,-0.0042821343139224635,-0.004278625541992639
2021-01-13,-0.0034075336279717735,-0.003404024856041949
2021-01-14,-0.0038259923880743407,-0.0038224836161445163
2021-01-15,0.0044272180236935785,0.004430726795623403
2021-01-19,0.011030274934256745,0.01103378370618657
2021-01-20,0.009952573456105089,0.009956082228034914
2021-01-21,-0.0013411643058909625,-0.001337655533961138
2021-01-22,0.007215953021563567,0.007219461793493392
2021-01-25,-0.002261445617955081,-0.0022579368460252567
2021-01-26,-0.021522871569602444,-0.02151936279767262
2021-01-27,-0.016449156571962407,-0.016445647800032583
2021-01-28,0.005752219593707905,0.00575572836563773
2021-01-29,-0.005558004621948162,-0.005554495850018337
2021-02-01,0.0010569125120782428,0.001058666898043155
2021-02-02,0.007118618685017661,0.007120373070982573
2021-02-03,-0.006683333133687867,-0.006681578747722954
2021-02-04,0.0016525595571577217,0.001654313943122634
2021-02-05,-0.006753270967757639,-0.006751516581792727
2021-02-08,-0.012723134417637531,-0.012721380031672619
2021-02-09,-0.0007705977409422519,-0.0007688433549773397
2021-02-10,0.004575678221163459,0.004577432607128371
2021-02-11,0.005825883155408762,0.005827637541373674
2021-02-12,-0.003169430846663321,-0.0031676764606984086
2021-02-16,-0.01276944425888767,-0.012767689872922757
2021-02-17,0.0027521543153301506,0.002753908701295063
2021-02-18,0.002138667464087431,0.0021404218500523436
2021-02-19,-0.008004663634027454,-0.008002909248062542
2021-02-22,0.006580003091190801,0.006581757477155713
2021-02-23,0.009429512178498387,0.0094312665644633
2021-02-24,0.00135027049251995,0.0013520248784848622
2021-02-25,0.0032922416952348597,0.003293996081199772
2021-02-26,0.009612386854957211,0.009614141240922124
2021-03-01,-0.009042500380900138,-0.009041413424378399
2021-03-02,-0.006725693279698353,-0.006724606323176613
2021-03-03,-0.0008973291769513009,-0.0008962422204295618
2021-03-04,-0.003018278200176145,-0.003017191243654406
2021-03-05,0.012097461068273604,0.012098548024795343
2021-03-08,-0.008066968229952794,-0.008065881273431054
2021-03-09,-0.009833644667834578,-0.009832557711312839
2021-03-10,-0.0009391847296670018,-0.0009380977731452626
2021-03-11,-0.015060282488706238,-0.015059195532184499
2021-03-12,-0.0018704462754187891,-0.00186935931889705
2021-03-15,-0.004189773325741032,-0.004188686369219293
2021-03-16,0.001806171621864315,0.001807258578386054
2021-03-17,-0.006244099524347946,-0.006243012567826206
2021-03-18,0.0026172181084620984,0.0026183050649838373
2021-03-19,0.0027656533445072407,0.0027667403010289797
2021-03-22,-0.001188887522394415,-0.001187800565872676
2021-03-23,0.003794967184379616,0.003796054140901355
2021-03-24,-0.0026229841677657306,-0.0026218972112439917
2021-03-25,-0.00844267605811239,-0.00844158910159065
2021-03-26,0.009740214645019124,0.009741301601540863
2021-03-29,0.006020542828458673,0.006021629784980412
2021-03-30,-0.006380405521874638,-0.006379318565352898
2021-03-31,-0.0014527301350558022,-0.001451643178534063
2021-04-01,0.010206946983972044,0.010207740634765695
2021-04-05,0.002073481674640551,0.002074275325434202
2021-04-06,0.013566499870214967,0.013567293521008618
2021-04-07,-0.014402463856341748,-0.014401670205548098
2021-04-08,0.006230658182696717,0.006231451833490368
2021-04-09,0.011234459891538583,0.011235253542332234
2021-04-12,0.008788413542117726,0.008789207192911376
2021-04-13,-0.0032638659356880395,-0.0032630722848943886
2021-04-14,0.005668238942700068,0.005669032593493719
2021-04-15,0.01567257914937113,0.01567337280016478
2021-04-16,-0.0027112222192003993,-0.0027104285684067483
2021-04-19,0.007057605504698355,0.0070583991554920055
2021-04-20,0.007186986405977545,0.007187780056771196
2021-04-21,0.003124276918091753,0.003125070568885404
2021-04-22,0.0008088259803456111,0.0008096196311392619
2021-04-23,-0.00027365678753312156,-0.00027286313673947075
2021-04-26,-0.014616465049526916,-0.014615671398733265
2021-04-27,-0.010738212484759228,-0.010737418833965577
2021-04-28,-0.0030533832237758405,-0.0030525895729821896
2021-04-29,0.004917545091128806,0.004918338741922456
2021-04-30,-0.009943669170333323,-0.009942875519539672
2021-05-03,0.009221266765786705,0.009222100099120039
2021-05-04,0.004336497146778464,0.004337330480111798
2021-05-05,0.006197014069719983,0.006197847403053317
2021-05-06,0.023888496990220612,0.023889330323553944
2021-05-07,0.006635042911645897,0.00663587624497923
2021-05-10,-0.004463758074108024,-0.004462924740774691
2021-05-11,-0.0037132500508822424,-0.0037124167175489092
2021-05-12,0.00965213186017059,0.009652965193503924
2021-05-13,0.008193106863939401,0.008193940197272735
2021-05-14,-0.013229228769941526,-0.013228395436608193
2021-05-17,-0.01196808306367955,-0.011967249730346217
2021-05-18,-0.009904932644270859,-0.009904099310937525
2021-05-19,0.0037553616094077474,0.0037561949427410805
2021-05-20,0.0034940830027352424,0.0034949163360685756
2021-05-21,0.0011372538772252212,0.0011380872105585546
2021-05-24,-0.0021764331037540147,-0.0021755997704206815
2021-05-25,0.00011270927581601804,0.00011354260914935137
2021-05-26,-0.01594204701990829,-0.01594121368657496
2021-05-27,-0.008659172179115278,-0.008658338845781944
2021-05-28,0.0040157355269303955,0.004016568860263729
2021-06-01,0.00017721205765394019,0.0001787272091690917
2021-06-02,-0.026884720695404242,-0.02688320554388909
2021-06-03,0.008193631748536536,0.008195146900051688
2021-06-04,0.004937648108230253,0.004939163259745405
2021-06-07,-0.010779785480721057,-0.010778270329205905
2021-06-08,-0.006387067066235626,-0.0063855519147204744
2021-06-09,-0.001110784508690195,-0.0011092693571750436
2021-06-10,0.011206794458663506,0.011208309610178657
2021-06-11,-0.004763552560490636,-0.004762037408975485
2021-06-14,-0.004350417325355829,-0.004348902173840677
2021-06-15,0.0057726777887997585,0.00577419294031491
2021-06-16,-0.0022833025827636,-0.0022817874312484484
2021-06-17,-0.0014209982433983671,-0.0014194830918832157
2021-06-18,0.0024108875644825024,0.002412402715997654
2021-06-21,0.003205091110707036,0.003206606262222188
2021-06-22,0.0013905692697062614,0.0013920844212214128
2021-06-23,0.0005817489488306388,0.0005832641003457904
2021-06-24,0.0018984785601705895,0.001899993711685741
2021-06-25,0.004235982833056491,0.004237497984571643
2021-06-28,-0.005833913014115825,-0.005832397862600674
2021-06-29,0.0032202294997484534,0.003221744651263605
2021-06-30,0.0007698739978020872,0.0007713891493172387
2021-07-01,0.0045265762771010964,0.004528560404085224
2021-07-02,0.0026438750557770947,0.0026458591827612215
2021-07-06,0.0019512789767079136,0.0019532631036920404
2021-07-07,0.01558115357823649,0.015583137705220617
2021-07-08,-0.004633349765150523,-0.004631365638166396
2021-07-09,-2.3267692873526395e-05,-2.1283565889399413e-05
2021-07-12,0.00408721159255398,0.004089195719538107
2021-07-13,0.005258918935672591,0.005260903062656718
2021-07-14,0.0069719976286523305,0.006973981755636458
2021-07-15,-0.005484155319254429,-0.005482171192270302
2021-07-16,0.006976433633643367,0.006978417760627494
2021-07-19,-0.0009598237303847796,-0.0009578396034006526
2021-07-20,-0.003710288753393151,-0.0037083046264090244
2021-07-21,-0.013176375896088912,-0.013174391769104786
2021-07-22,0.007211871555762283,0.0072138556827464105
2021-07-23,0.015114950844058055,0.015116934971042181
2021-07-26,-0.006404362869326549,-0.006402378742342422
2021-07-27,0.005485686214087577,0.005487670341071704
2021-07-28,-0.002051084570235947,-0.00204910044325182
2021-07-29,0.010623964686070568,0.010625948813054694
2021-07-30,0.010328781138229744,0.01033076526521387
2021-08-02,-0.0071387642268083504,-0.007136870287414411
2021-08-03,0.002267561253223183,0.0022694551926171224
2021-08-04,0.007750130923592166,0.007752024862986106
2021-08-05,-0.007716513932063335,-0.007714619992669395
2021-08-06,-0.002197353237210753,-0.0021954592978168136
2021-08-09,-0.011301012329839282,-0.011299118390445343
2021-08-10,0.005171312138200293,0.005173206077594233
2021-08-11,0.001914143589786517,0.0019160375291804564
2021-08-12,0.00928879892755603,0.009290692866949968
2021-08-13,0.006131619214456572,0.0061335131538505115
2021-08-16,0.007587407317026319,0.007589301256420259
2021-08-17,0.002006415493632483,0.0020083094330264227
2021-08-18,-0.004660169452577173,-0.004658275513183234
2021-08-19,0.018123631948539765,0.018125525887933706
2021-08-20,-0.004467635288624425,-0.004465741349230485
2021-08-23,-0.017178001991405026,-0.017176108052011085
2021-08-24,-0.013107152038691915,-0.013105258099297976
2021-08-25,-0.001459482856653054,-0.0014575889172591147
2021-08-26,0.00936824111633085,0.00937013505572479
2021-08-27,0.0017709369876122466,0.001772830927006186
2021-08-30,0.003828471602035633,0.0038303655414295727
2021-08-31,-0.010414149173416811,-0.010412255234022873
2021-09-01,0.0016146157900428146,0.0016162030916301161
2021-09-02,-0.007779872696716528,-0.0077782853951292264
2021-09-03,0.000762690826535985,0.0007642781281232866
2021-09-07,-0.003873035476278561,-0.0038714481746912593
2021-09-08,0.00781659857092858,0.00781818587251588
2021-09-09,-0.018296703464524326,-0.018295116162937025
2021-09-10,0.0026506794005367157,0.0026522667021240173
2021-09-13,-0.005792357372476969,-0.005790770070889667
2021-09-14,0.0030420650819023357,0.003043652383489637
2021-09-15,0.0014372824198079092,0.0014388697213952107
2021-09-16,-0.007914670527130923,-0.007913083225543622
2021-09-17,-0.003491910956985607,-0.0034903236553983055
2021-09-20,0.016388971063145942,0.016390558364733243
2021-09-21,-0.003972042862639053,-0.003970455561051751
2021-09-22,0.0009752885824508966,0.0009768758840381982
2021-09-23,-0.006205429824234859,-0.006203842522647557
2021-09-24,0.0059709270043374315,0.005972514305924733
2021-09-27,-0.012160301530692027,-0.012158714229104726
2021-09-28,0.005464159114173025,0.005465746415760327
2021-09-29,0.012459639534556585,0.012461226836143886
2021-09-30,-0.00806922015029472,-0.008067632848707419
2021-10-01,0.011950862123897137,0.011952846250881263
2021-10-04,0.009304629316555514,0.00930661344353964
2021-10-05,-0.0030555644601479265,-0.0030535803331637997
2021-10-06,0.0015418215094735643,0.0015438056364576913
2021-10-07,0.0026817268363944257,0.0026837109633785525
2021-10-08,-0.005551330300409968,-0.005549346173425841
2021-10-11,-0.004480250885595447,-0.0044782667586113194
2021-10-12,-0.005288544265145385,-0.005286560138161258
2021-10-13,-0.00913778326720348,-0.009135799140219353
2021-10-14,0.004333162877098432,0.004335147004082559
2021-10-15,-0.0008931585149108618,-0.0008911743879267348
2021-10-18,-0.0026594487566162493,-0.0026574646296321225
2021-10-19,-0.0055947205130926795,-0.005592736386108552
2021-10-20,0.004189596910448456,0.004191581037432583
2021-10-21,-0.0037504822927818676,-0.003748498165797741
2021-10-22,0.004620302105587521,0.004622286232571648
2021-10-25,-0.011476727403092198,-0.011474743276108071
2021-10-26,0.006225670889096283,0.00622765501608041
2021-10-27,-0.0004276949838607199,-0.0004257108568765929
2021-10-28,-0.009515163582099901,-0.009513179455115775
2021-10-29,0.00805859417195459,0.008060578298938716
2021-11-01,-0.012354843649044161,-0.012352859522060035
2021-11-02,-0.010380433065259476,-0.01037844893827535
2021-11-03,0.002316825734192309,0.002318809861176436
2021-11-04,0.001480786014003856,0.001482770140987983
2021-11-05,0.020279112354217033,0.02028109648120116
2021-11-08,-0.010803443338167084,-0.010801459211182958
2021-11-09,0.009676763141654365,0.009678747268638491
2021-11-10,0.009906277580235944,0.00990826170722007
2021-11-11,-0.0023863931906156896,-0.002384409063631563
2021-11-12,0.0024529683626774526,0.0024549524896615793
2021-11-15,0.0036394562952411875,0.0036414404222253143
2021-11-16,0.010624943560270788,0.010626927687254914
2021-11-17,0.0106967991475263,0.010698783274510426
2021-11-18,0.006695653197125152,0.0066976373241092796
2021-11-19,-0.0007283797761023201,-0.0007263956491181931
2021-11-22,-0.0005621114128936869,-0.0005601272859095599
2021-11-23,0.00613641857358426,0.006138402700568387
2021-11-24,-0.0065412464018983025,-0.006539262274914175
2021-11-26,-0.007448367081724284,-0.007446382954740156
2021-11-29,-0.0008617219468613074,-0.0008597378198771804
2021-11-30,0.0004562149199186825,0.0004581990469028095
2021-12-01,0.023149381680034695,0.02315165440730742
2021-12-02,0.001722401323158948,0.0017246740504316754
2021-12-03,0.014779366838905973,0.0147816395661787
2021-12-06,0.002206861348990145,0.002209134076262872
2021-12-07,-0.02198812446406137,-0.021985851736788645
2021-12-08,-0.002976901405420804,-0.0029746286781480768
2021-12-09,0.009038780376897992,0.00904105310417072
2021-12-10,0.012382478526153706,0.012384751253426434
2021-12-13,0.009072563803408993,0.00907483653068172
2021-12-14,-0.0007029954800684621,-0.0007007227527957348
2021-12-15,0.004562684429173904,0.004564957156446631
2021-12-16,-0.0032189390115165283,-0.003216666284243801
2021-12-17,-0.0047161201917157005,-0.004713847464442973
2021-12-20,0.01426920337439738,0.014271476101670108
2021-12-21,-0.008929087405942013,-0.008926814678669286
2021-12-22,0.006904202614116815,0.006906475341389542
2021-12-23,-0.006629401557171511,-0.006627128829898784
2021-12-27,0.0247636490450113,0.024765921772284025
2021-12-28,0.007749505582273404,0.007751778309546132
2021-12-29,0.015995466386875348,0.015997739114148073
2021-12-30,-0.014518254310628706,-0.014515981583355979
2021-12-31,0.004182330657001478,0.004184603384274206
2022-01-03,-0.002619447185230681,-0.002613197185230681
2022-01-04,0.009541073706444154,0.009547323706444153
2022-01-05,0.030764905814536482,0.03077115581453648
2022-01-06,0.002713720109731742,0.0027199701097317423
2022-01-07,-0.0068910792526937735,-0.006884829252693773
2022-01-10,0.011446528500590452,0.011452778500590451
2022-01-11,-0.01878140134151612,-0.01877515134151612
2022-01-12,0.0013687712947062312,0.0013750212947062311
2022-01-13,0.02253253456914915,0.02253878456914915
2022-01-14,0.0074325370074992915,0.007438787007499292
2022-01-18,0.01868283876298326,0.01868908876298326
2022-01-19,0.009959828468753784,0.009966078468753784
2022-01-20,-0.006070613022237581,-0.00606436302223758
2022-01-21,0.02761372416226308,0.02761997416226308
2022-01-24,0.017081745307390442,0.01708799530739044
2022-01-25,0.001965561971868437,0.0019718119718684373
2022-01-26,0.005698227518141573,0.005704477518141573
2022-01-27,0.02392645255497262,0.02393270255497262
2022-01-28,-0.011746811393606536,-0.011740561393606536
2022-01-31,-0.04407810918800513,-0.04407185918800513
2022-02-01,-0.008752365639953458,-0.008737891955742932
2022-02-02,0.01506425652638221,0.015078730210592736
2022-02-03,0.012806444483949471,0.012820918168159997
2022-02-04,-0.024872519362485225,-0.0248580456782747
2022-02-07,-0.003239554583897773,-0.0032250808996872465
2022-02-08,-0.004510522264695807,-0.004496048580485281
2022-02-09,-0.01901938183355057,-0.019004908149340045
2022-02-10,-0.0011429674405530786,-0.0011284937563425523
2022-02-11,0.010288690281506264,0.01030316396571679
2022-02-14,0.009230533926630091,0.009245007610840617
2022-02-15,-0.024259304243080527,-0.02424483055887
2022-02-16,0.0038139475084660013,0.0038284211926765278
2022-02-17,0.014900356027561389,0.014914829711771915
2022-02-18,0.013345434825352288,0.013359908509562814
2022-02-22,0.011670125444988622,0.011684599129199148
2022-02-23,0.022157787654041396,0.02217226133825192
2022-02-24,-0.02043372028171605,-0.020419246597505523
2022-02-25,0.0014854389299354927,0.001499912614146019
2022-02-28,-0.012768097525914833,-0.012753623841704307
2022-03-01,0.008841523370401555,0.00885746539938706
2022-03-02,0.010731027365658518,0.010746969394644023
2022-03-03,0.010601255186121051,0.010617197215106556
2022-03-04,0.015621474254222271,0.015637416283207774
2022-03-07,0.008010664256111227,0.008026606285096731
2022-03-08,-0.016374369319557117,-0.016358427290571614
2022-03-09,-0.018297585534068735,-0.018281643505083232
2022-03-10,0.0012417407522820828,0.0012576827812675873
2022-03-11,0.00029956865462836904,0.0003155106836138734
2022-03-14,0.03600149174472529,0.0360174337737108
2022-03-15,-0.010840482585028415,-0.01082454055604291
2022-03-16,-0.01655680489185483,-0.016540862862869328
2022-03-17,-0.008476871161845525,-0.00846092913286002
2022-03-18,-0.0027061868147029745,-0.0026902447857174703
2022-03-21,0.0017922297261090724,0.0018081717550945768
2022-03-22,-0.017978211460672393,-0.01796226943168689
2022-03-23,-0.008230244896174715,-0.00821430286718921
2022-03-24,-0.005117717511685422,-0.005101775482699918
2022-03-25,0.010258805017753832,0.010274747046739337
2022-03-28,-0.013913092576609208,-0.013897150547623704
2022-03-29,-0.0093563780896315,-0.009340436060645996
2022-03-30,0.005405868033416347,0.005421810062401852
2022-03-31,0.0029885254829851754,0.0030044675119706796
2022-04-01,0.006997995084495747,0.007029661751162412
2022-04-04,-0.01569821694237362,-0.015666550275706955
2022-04-05,0.004170912067824806,0.004202578734491471
2022-04-06,0.02081023573078457,0.020841902397451238
2022-04-07,0.016564899773106934,0.0165965664397736
2022-04-08,0.006713226618025786,0.006744893284692451
2022-04-11,-0.001068328187066432,-0.0010366615203997668
2022-04-12,0.009983809231216816,0.01001547589788348
2022-04-13,-0.015119690766052981,-0.015088024099386317
2022-04-14,0.008070366193964213,0.008102032860630878
2022-04-18,0.002858988963473767,0.0028906556301404322
2022-04-19,-0.0077848098866165885,-0.007753143219949923
2022-04-20,0.019262746593409874,0.01929441326007654
2022-04-21,0.019126900866309544,0.01915856753297621
2022-04-22,0.0018791361722867756,0.0019108028389534406
2022-04-25,-0.011465881019893912,-0.011434214353227248
2022-04-26,0.014745899211414832,0.014777565878081496
2022-04-27,0.0016406422823473268,0.001672308949013992
2022-04-28,0.0005717099746581491,0.0006033766413248141
2022-04-29,0.012539027171185902,0.012570693837852566
2022-05-02,-0.0011530347728444254,-0.0011141458839555398
2022-05-03,-0.0012734665569415773,-0.0012345776680526917
2022-05-04,0.008628787480426883,0.008667676369315768
2022-05-05,0.00023492074262412258,0.0002738096315130083
2022-05-06,0.010173667458277266,0.010212556347166151
2022-05-09,0.0489983476300701,0.049037236518958985
2022-05-10,0.021518754042267867,0.021557642931156754
2022-05-11,0.011714801607169903,0.011753690496058788
2022-05-12,-0.004192659088132751,-0.004153770199243865
2022-05-13,-0.04218724903608254,-0.042148360147193656
2022-05-16,0.008315254853296965,0.00835414374218585
2022-05-17,-0.013623128152446524,-0.013584239263557639
2022-05-18,-0.0038054904148976188,-0.003766601526008733
2022-05-19,-0.016868080660896803,-0.016829191772007916
2022-05-20,0.010718986166943282,0.010757875055832167
2022-05-23,-0.004244032106908112,-0.004205143218019226
2022-05-24,0.018711345715002586,0.018750234603891473
2022-05-25,-0.008697672984072206,-0.00865878409518332
2022-05-26,-0.004986278930103949,-0.004947390041215063
2022-05-27,-0.004971576551567967,-0.004932687662679081
2022-05-31,0.007393909998563706,0.007432798887452592
2022-06-01,0.008755854566046033,0.008814981550173014
2022-06-02,-0.001648766099695245,-0.001589639115568264
2022-06-03,0.0015699683463580728,0.0016290953304850537
2022-06-06,0.01385607529238353,0.01391520227651051
2022-06-07,0.00466363819511466,0.004722765179241641
2022-06-08,-0.006975959302093959,-0.006916832317966978
2022-06-09,0.017220310157588303,0.017279437141715284
2022-06-10,0.003619790674428212,0.003678917658555193
2022-06-13,0.010920195069748784,0.010979322053875765
2022-06-14,0.0037438880193424754,0.0038030150034694564
2022-06-15,-0.014425144438790814,-0.014366017454663833
2022-06-16,-0.004799442064097452,-0.004740315079970471
2022-06-17,-0.010971975990163474,-0.010912849006036493
2022-06-21,0.012079144905485579,0.01213827188961256
2022-06-22,0.0041104748846557465,0.004169601868782727
2022-06-23,-0.004435517260030171,-0.00437639027590319
2022-06-24,0.011593915030285906,0.011653042014412886
2022-06-27,0.010229852557431647,0.010288979541558628
2022-06-28,-0.001112575936020032,-0.0010534489518930512
2022-06-29,0.0155164589914813,0.015575585975608281
2022-06-30,0.013868969493305908,0.01392809647743289
2022-07-01,-0.0019274666810087495,-0.0018345500143420845
2022-07-05,-0.009164867508484496,-0.009071950841817831
2022-07-06,0.004480109713933997,0.004573026380600662
2022-07-07,-0.008763213771878088,-0.008670297105211423
2022-07-08,0.002170664885041478,0.0022635815517081433
2022-07-11,0.007785758975230915,0.00787867564189758
2022-07-12,-0.007972524555192633,-0.007879607888525968
2022-07-13,-0.0011673822145788636,-0.0010744655479121986
2022-07-14,0.008279768360357627,0.008372685027024292
2022-07-15,0.0068235806334094465,0.006916497300076111
2022-07-18,-0.01455752749525805,-0.014464610828591386
2022-07-19,0.007445254105311831,0.007538170771978496
2022-07-20,-0.007638013209000423,-0.007545096542333758
2022-07-21,0.005739040235996757,0.0058319569026634216
2022-07-22,0.007674451245538925,0.0077673679122055896
2022-07-25,0.002384179621856098,0.0024770962885227632
2022-07-26,0.01363212395980325,0.013725040626469915
2022-07-27,0.007513237659741802,0.007606154326408467
2022-07-28,-0.005786660144944857,-0.0056937434782781925
2022-07-29,-0.0012985284562232436,-0.0012056117895565786
2022-08-01,-0.0002676053051019439,-0.000172315450029483
2022-08-02,-0.018632173255885513,-0.018536883400813053
2022-08-03,-0.011974329963833056,-0.011879040108760595
2022-08-04,-0.008949947888010392,-0.008854658032937932
2022-08-05,-0.0037303127241356568,-0.003635022869063196
2022-08-08,-0.008278056123984332,-0.008182766268911871
2022-08-09,-0.014301387317712378,-0.014206097462639917
2022-08-10,0.0034853653438441643,0.0035806551989166252
2022-08-11,-0.0023746092905638613,-0.0022793194354914005
2022-08-12,0.00584136725023976,0.005936657105312221
2022-08-15,0.005618057271321979,0.00571334712639444
2022-08-16,-0.001700643216149196,-0.001605353361076735
2022-08-17,0.0016375549940329374,0.0017328448491053983
2022-08-18,0.00899600384458756,0.009091293699660021
2022-08-19,0.00847911060466424,0.008574400459736701
2022-08-22,-0.010113958350239628,-0.010018668495167167
2022-08-23,-0.002599406095184135,-0.0025041162401116743
2022-08-24,-0.008744691777176756,-0.008649401922104295
2022-08-25,0.016354993710587427,0.016450283565659887
2022-08-26,-0.014034236495859066,-0.013938946640786605
2022-08-29,-0.002801052691687592,-0.002705762836615131
2022-08-30,-0.0075241540639474505,-0.00742886420887499
2022-08-31,-0.010883173755558594,-0.010787883900486133
2022-09-01,0.0019389191899828588,0.002063125539189206
2022-09-02,-0.006252067038286538,-0.00612786068908019
2022-09-06,-0.005578229054484821,-0.005454022705278473
2022-09-07,-0.004153961368187727,-0.004029755018981379
2022-09-08,-0.005274350568810089,-0.005150144219603741
2022-09-09,0.0002746539292150128,0.0003988602784213604
2022-09-12,-0.001381911109069778,-0.0012577047598634303
2022-09-13,-0.016842258184512945,-0.0167180518353066
2022-09-14,-0.007410823240147343,-0.0072866168909409956
2022-09-15,-0.001185210510958406,-0.0010610041617520583
2022-09-16,0.017019480723144544,0.01714368707235089
2022-09-19,0.00328531262357636,0.003409518972782708
2022-09-20,0.001997745737891382,0.00212195208709773
2022-09-21,0.000987579388400503,0.0011117857376068507
2022-09-22,0.0016388893332801194,0.001763095682486467
2022-09-23,-0.0009402511525981553,-0.0008160448033918077
2022-09-26,0.0019280843544379216,0.002052290703644269
2022-09-27,-0.004626294185521484,-0.004502087836315136
2022-09-28,0.005739744985017651,0.005863951334223999
2022-09-29,0.012135961864719132,0.01226016821392548
2022-09-30,-0.0035136488203636384,-0.0033894424711572906
2022-10-03,0.015148157530850404,0.015295776578469452
2022-10-04,-0.003116860535907031,-0.0029692414882879835
2022-10-05,-0.0006122903202469115,-0.0004646712726278639
2022-10-06,0.001576488153471787,0.0017241072010908346
2022-10-07,-0.005077241856114407,-0.00492962280849536
2022-10-10,0.00925125900746112,0.009398878055080167
2022-10-11,0.0013591766669445455,0.0015067957145635932
2022-10-12,-0.004297163039332385,-0.004149543991713338
2022-10-13,0.0071175761428327235,0.007265195190451771
2022-10-14,-0.0019290288394409323,-0.0017814097918218846
2022-10-17,0.005773708719124218,0.005921327766743266
2022-10-18,-0.0006759041901821222,-0.0005282851425630746
2022-10-19,0.0017566660979292535,0.0019042851455483012
2022-10-20,-0.005471910593284607,-0.00532429154566556
2022-10-21,0.0021287243673322447,0.002276343414951292
2022-10-24,-0.002568950524865279,-0.0024213314772462313
2022-10-25,0.003503663684577423,0.0036512827321964706
2022-10-26,-0.0018553738119605526,-0.001707754764341505
2022-10-27,-0.009433301946500773,-0.009285682898881726
2022-10-28,0.011057133033867106,0.011204752081486153
2022-10-31,-0.007234273393395398,-0.007086654345776351
2022-11-01,0.0038339434127653014,0.00399862595244784
2022-11-02,-0.012524968800272105,-0.012360286260589567
2022-11-03,-0.015182876994317604,-0.015018194454635066
2022-11-04,0.014114949134512635,0.014279631674195173
2022-11-07,0.009023764134382007,0.009188446674064545
2022-11-08,0.00650620736345708,0.006670889903139619
2022-11-09,0.01838929633549573,0.01855397887517827
2022-11-10,0.017333787657743866,0.017498470197426404
2022-11-11,-0.0065102387228552615,-0.006345556183172723
2022-11-14,-0.0012844740699161964,-0.0011197915302336584
2022-11-15,0.0028482091673511884,0.0030128917070337265
2022-11-16,0.011567779976767088,0.011732462516449625
2022-11-17,-2.6924118662555803e-05,0.00013775842101998228
2022-11-18,0.0017119140870226976,0.0018765966267052356
2022-11-21,0.006293971906155488,0.0064586544458380265
2022-11-22,0.004795221544725576,0.004959904084408114
2022-11-23,-0.0056666466051942775,-0.005501964065511739
2022-11-25,-0.0031624850014839844,-0.0029978024618014464
2022-11-28,0.006173176324874142,0.006337858864556681
2022-11-29,-0.006142855542874452,-0.005978173003191914
2022-11-30,0.002757924776315396,0.002922607315997934
2022-12-01,0.008445391041763553,0.008614041835414343
2022-12-02,-0.01336724454340899,-0.0131985937497582
2022-12-05,0.0009915556916329058,0.0011602064852836963
2022-12-06,0.0032370201225176737,0.0034056709161684644
2022-12-07,0.008886287010224408,0.009054937803875198
2022-12-08,-0.0017955758069058074,-0.0016269250132550169
2022-12-09,-0.0031946016800748303,-0.0030259508864240395
2022-12-12,-0.0013040528877002189,-0.0011354020940494284
2022-12-13,0.0024839885104411146,0.0026526393040919053
2022-12-14,-0.005902926481790422,-0.005734275688139632
2022-12-15,-0.0061216789597435825,-0.005953028166092792
2022-12-16,0.004872166438964143,0.005040817232614933
2022-12-19,0.011868197315919314,0.012036848109570104
2022-12-20,-0.0052303645347568685,-0.005061713741106078
2022-12-21,0.0007945246135618514,0.0009631754072126419
2022-12-22,-0.0017134108121109957,-0.0015447600184602052
2022-12-23,0.00825205270767418,0.008420703501324971
2022-12-27,0.005313564523134651,0.005482215316785441
2022-12-28,-0.003994480048172935,-0.003825829254522145
2022-12-29,0.0010315375511525137,0.0012001883448033042
2022-12-30,-0.00605659244114637,-0.0058879416474955796
2023-01-03,0.006491222211527401,0.006680388878194066
2023-01-04,-0.008625804116658198,-0.008436637449991532
2023-01-05,-0.009325263862040996,-0.00913609719537433
2023-01-06,0.010221750739931708,0.010410917406598373
2023-01-09,-0.007441894695848365,-0.0072527280291817
2023-01-10,-0.00046939807725027084,-0.00028023141058360583
2023-01-11,0.007611109146077362,0.007800275812744026
2023-01-12,-0.0046337032402035926,-0.004444536573536928
2023-01-13,0.004548297615630056,0.004737464282296721
2023-01-17,-0.0071638797436985825,-0.006974713077031918
2023-01-18,0.004161923340442099,0.004351090007108763
2023-01-19,0.007559927726132217,0.007749094392798882
2023-01-20,0.0039958351567417625,0.004185001823408427
2023-01-23,0.00035624291903413584,0.0005454095857008009
2023-01-24,0.0009070392008716666,0.0010962058675383316
2023-01-25,0.0011045127050079,0.0012936793716745649
2023-01-26,0.0065710237002985184,0.006760190366965183
2023-01-27,-0.00521149024057269,-0.0050223235739060255
2023-01-30,-0.0009743401348879302,-0.0007851734682212653
2023-01-31,0.011735676334137662,0.011924843000804328
2023-02-01,0.0011025381888877057,0.0013064855573087584
2023-02-02,0.008410436006104033,0.008614383374525084
2023-02-03,2.2330676729881915e-05,0.00022627804515093454
2023-02-06,-0.0061979668854419264,-0.005994019517020874
2023-02-07,0.0072608670768243835,0.007464814445245436
2023-02-08,-0.004786274707060312,-0.00458232733863926
2023-02-09,0.0011597911821963573,0.00136373855061741
2023-02-10,-0.0011585952345270886,-0.0009546478661060359
2023-02-13,0.011794224287457269,0.01199817165587832
2023-02-14,-0.003854557167237115,-0.0036506097988160623
2023-02-15,0.008954970105607704,0.009158917474028756
2023-02-16,-0.0068430678758317,-0.0066391205074106474
2023-02-17,-0.0006268746232971959,-0.0004229272548761433
2023-02-21,-0.007383503139677327,-0.007179555771256274
2023-02-22,-0.0059653453275757716,-0.005761397959154719
2023-02-23,0.007938630824372366,0.008142578192793418
2023-02-24,-0.0041538759720206216,-0.003949928603599569
2023-02-27,0.0016162126416258606,0.0018201600100469133
2023-02-28,0.005667578124127362,0.005871525492548415
2023-03-01,-0.004576202151893739,-0.004406274615661856
2023-03-02,0.0074318637256151196,0.0076017912618470025
2023-03-03,0.0005928927949629792,0.0007628203311948618
2023-03-06,0.0028899556158469915,0.003059883152078874
2023-03-07,0.0051281411579465214,0.005298068694178404
2023-03-08,-0.000832750380382649,-0.0006628228441507664
2023-03-09,0.00578051475942311,0.005950442295654993
2023-03-10,0.005144534771250047,0.00531446230748193
2023-03-13,0.0066542283186054344,0.006824155854837317
2023-03-14,0.010717027781984342,0.010886955318216224
2023-03-15,-0.0012160340446027294,-0.001046106508370847
2023-03-16,0.0024060605117642926,0.002575988047996175
2023-03-17,-0.0038690720174304346,-0.003699144481198552
2023-03-20,0.007986158061225816,0.008156085597457698
2023-03-21,0.0005908843386471024,0.000760811874878985
2023-03-22,-6.394805564807171e-05,0.00010597948058381089
2023-03-23,0.0022463696659720538,0.0024162972022039363
2023-03-24,0.004785406435643075,0.004955333971874958
2023-03-27,0.0014562089784064217,0.0016261365146383042
2023-03-28,-0.0030436033347755595,-0.002873675798543677
2023-03-29,-0.003840114232267033,-0.0036701866960351503
2023-03-30,-0.005696243381131571,-0.005526315844899688
2023-03-31,0.005971093894991493,0.0061410214312233756
2023-04-03,0.006776795696725785,0.006992585170409996
2023-04-04,0.0038445644569062285,0.004060353930590439
2023-04-05,-0.005716214689984336,-0.005500425216300125
2023-04-06,-0.0010146402682159378,-0.0007988507945317272
2023-04-10,-0.00506154572607166,-0.004845756252387449
2023-04-11,-0.00516947136545984,-0.004953681891775629
2023-04-12,0.0010513026818533427,0.0012670921555375534
2023-04-13,0.007035162918927323,0.007250952392611534
2023-04-14,0.0013093969307896834,0.001525186404473894
2023-04-17,0.00019922983307247308,0.0004150193067566836
2023-04-18,0.0013768974303626801,0.0015926869040468906
2023-04-19,0.003859076533116944,0.004074866006801155
2023-04-20,0.0034115021801090365,0.003627291653793247
2023-04-21,0.0034911671904138317,0.003706956664098042
2023-04-24,-0.0008082524589211066,-0.0005924629852368961
2023-04-25,0.0020601193167171204,0.002275908790401331
2023-04-26,0.002748657348389489,0.0029644468220736994
2023-04-27,0.0056682509371451546,0.005884040410829365
2023-04-28,-0.007824992537657203,-0.007609203063972992
2023-05-01,0.004889373634802077,0.005084070604499045
2023-05-02,0.0019623974119468684,0.0021570943816438364
2023-05-03,-0.0038254255982033167,-0.0036307286285063487
2023-05-04,-0.0021285977160601954,-0.0019339007463632272
2023-05-05,-0.005013119799019679,-0.004818422829322711
2023-05-08,0.001851611021124595,0.002046307990821563
2023-05-09,-0.0011504078142996477,-0.0009557108446026795
2023-05-10,0.0044931238274681,0.004687820797165068
2023-05-11,0.0008127433459403465,0.0010074403156373145
2023-05-12,-0.003701285059589249,-0.003506588089892281
2023-05-15,-0.007898773926802462,-0.0077040769571054945
2023-05-16,-0.005548996524339467,-0.005354299554642499
2023-05-17,-0.007491142216925125,-0.007296445247228157
2023-05-18,0.004320270340896963,0.004514967310593931
2023-05-19,-0.0025746055437143025,-0.0023799085740173346
2023-05-22,-0.008476969174104792,-0.008282272204407824
2023-05-23,-0.0006547564721767476,-0.00046005950247977943
2023-05-24,0.005506858519931548,0.005701555489628516
2023-05-25,-0.006663006968510548,-0.00646830999881358
2023-05-26,-0.006254675667073147,-0.006059978697376179
2023-05-30,-0.005803524071520552,-0.005608827101823584
2023-05-31,-0.0027384680729280277,-0.0025437711032310598
2023-06-01,0.005114553849060658,0.005319315753822562
2023-06-02,0.014160745356336922,0.014365507261098828
2023-06-05,-0.0009378261794868448,-0.00073306427472494
2023-06-06,-0.0004472752889388646,-0.00024251338417695983
2023-06-07,-0.00857247649262982,-0.008367714587867914
2023-06-08,-0.0012974751946532995,-0.0010927132898913947
2023-06-09,-7.008090805189071e-05,0.00013468099671001406
2023-06-12,-0.001483069623964991,-0.0012783077192030862
2023-06-13,-0.002473820144402729,-0.0022690582396408246
2023-06-14,0.00026460642539716066,0.0004693683301590654
2023-06-15,0.00975315034583566,0.009957912250597566
2023-06-16,0.0023597726798151412,0.002564534584577046
2023-06-20,-0.004700415280541979,-0.004495653375780074
2023-06-21,0.0010404729919331693,0.001245234896695074
2023-06-22,0.00011793541482993279,0.0003226973195918376
2023-06-23,4.2739611155176405e-05,0.0002475015159170812
2023-06-26,0.0019093927819857136,0.0021141546867476184
2023-06-27,-0.0018325302935146255,-0.0016277683887527207
2023-06-28,-0.007104922342148931,-0.006900160437387027
2023-06-29,0.0027243901498284124,0.002929152054590317
2023-06-30,-0.001377976904635266,-0.001173214999873361
2023-07-03,0.0019041886717011014,0.002122938671701096
2023-07-05,-0.0004387617489296521,-0.0002200117489296571
2023-07-06,-0.0038371427881488123,-0.0036183927881488173
2023-07-07,-0.004162330985943005,-0.00394358098594301
2023-07-10,-0.0010163023935486283,-0.0007975523935486333
2023-07-11,0.012968595984142864,0.013187345984142859
2023-07-12,0.006426124880650417,0.006644874880650412
2023-07-13,-0.0010137977125560472,-0.0007950477125560523
2023-07-14,0.008657852761628433,0.008876602761628428
2023-07-17,0.001221557482840596,0.001440307482840591
2023-07-18,-0.00587441374535955,-0.005655663745359555
2023-07-19,-0.00221361203662534,-0.001994862036625345
2023-07-20,-0.0010039765155982028,-0.0007852265155982078
2023-07-21,0.0018195558206285224,0.002038305820628517
2023-07-24,0.001908580053132073,0.002127330053132068
2023-07-25,0.000504050526442734,0.000722800526442729
2023-07-26,0.0064681514503910995,0.0066869014503910945
2023-07-27,-0.006015624230267017,-0.005796874230267022
2023-07-28,0.005781644373200185,0.00600039437320018
2023-07-31,-0.001985120262933677,-0.001766370262933682
2023-08-01,-0.0030824634248417,-0.0028904344393344567
2023-08-02,0.0005265471943199432,0.0007185761798271866
2023-08-03,0.0146486349179737,0.014840663903480943
2023-08-04,0.004375882917591156,0.0045679119030984
2023-08-07,0.00302536919934506,0.0032173981848523034
2023-08-08,-0.005420079884651507,-0.005228050899144263
2023-08-09,0.010041840165073476,0.01023386915058072
2023-08-10,0.0005997295864450108,0.0007917585719522543
2023-08-11,0.0022887456942153775,0.002480774679722621
2023-08-14,0.0008944736729806699,0.0010865026584879133
2023-08-15,0.005260030744876916,0.00545205973038416
2023-08-16,0.00027203967161396774,0.0004640686571212112
2023-08-17,-0.0010261569387886346,-0.0008341279532813912
2023-08-18,0.0011504183360044585,0.001342447321511702
2023-08-21,-0.003983496958733453,-0.00379146797322621
2023-08-22,0.003519784572671607,0.0037118135581788504
2023-08-23,-0.004612411873466996,-0.004420382887959752
2023-08-24,0.0023096188218654666,0.00250164780737271
2023-08-25,0.006147229913269191,0.006339258898776435
2023-08-28,-0.005324296937560177,-0.005132267952052933
2023-08-29,0.001506196399015202,0.0016982253845224454
2023-08-30,0.0010373109809322333,0.0012293399664394767
2023-08-31,-0.0013250416493073387,-0.0011330126638000953
2023-09-01,0.0038344554445791253,0.00405612211124579
2023-09-05,0.0028566189862644486,0.0030782856529311137
2023-09-06,0.001158449369132671,0.001380116035799336
2023-09-07,0.00921234151516668,0.009434008181833346
2023-09-08,0.003166696724109945,0.00338836339077661
2023-09-11,0.001595865956286718,0.0018175326229533828
2023-09-12,-0.006414376571263573,-0.006192709904596908
2023-09-13,0.0007400972350419034,0.0009617639017085683
2023-09-14,-0.0009386842416735269,-0.0007170175750068619
2023-09-15,-0.001804524357642335,-0.0015828576909756701
2023-09-18,0.005455376751297211,0.005677043417963876
2023-09-19,0.00179721862335906,0.002018885290025725
2023-09-20,0.002780735486243996,0.003002402152910661
2023-09-21,-0.0011907321832769686,-0.0009690655166103037
2023-09-22,0.0015703183183784833,0.0017919849850451483
2023-09-25,-2.1461448360433162e-05,0.00020020521830623183
2023-09-26,0.0002026919176795508,0.0004243585843462158
2023-09-27,0.005987308447457394,0.006208975114124059
2023-09-28,-2.242905454591875e-05,0.00019923761212074624
2023-09-29,-0.0015717585962985552,-0.0013500919296318902
2023-10-02,0.0045559408134357195,0.004758213540708447
2023-10-03,0.004060956174906497,0.0042632289021792245
2023-10-04,-0.0014854380131497427,-0.0012831652858770154
2023-10-05,0.0027651468358627406,0.0029674195631354677
2023-10-06,0.0020886733204857335,0.0022909460477584607
2023-10-09,0.00622165222004202,0.006423924947314747
2023-10-10,-0.004873255496985199,-0.0046709827697124714
2023-10-11,0.0004078067119961036,0.0006100794392688309
2023-10-12,0.0007622827474501788,0.000964555474722906
2023-10-13,0.0011451431202381156,0.001347415847510843
2023-10-16,0.004795076950494945,0.004997349677767672
2023-10-17,0.001173304207095325,0.0013755769343680524
2023-10-18,0.004972303131197569,0.005174575858470296
2023-10-19,-0.0010201890379680674,-0.0008179163106953401
2023-10-20,0.0036814343347844627,0.00388370706205719
2023-10-23,0.0031810838420488377,0.003383356569321565
2023-10-24,0.008775040248242999,0.008977312975515727
2023-10-25,-0.00850162179782471,-0.008299349070551982
2023-10-26,-0.011404956800752574,-0.011202684073479846
2023-10-27,-0.0023490717381738197,-0.0021467990109010925
2023-10-30,0.005459089020443583,0.00566136174771631
2023-10-31,0.0019928660757193837,0.002195138802992111
2023-11-01,-0.0005067014638478399,-0.00029757447972085895
2023-11-02,-0.012147090033987432,-0.01193796304986045
2023-11-03,0.004545455864429155,0.004754582848556136
2023-11-06,0.010092909171048539,0.01030203615517552
2023-11-07,0.004421479751351173,0.004630606735478154
2023-11-08,0.003915761681279243,0.004124888665406224
2023-11-09,-0.0010636832870622032,-0.0008545563029352222
2023-11-10,-0.00535562317900239,-0.005146496194875409
2023-11-13,0.00016743451413239947,0.00037656149825938045
2023-11-14,0.00027582151832254026,0.00048494850244952124
2023-11-15,-0.010621211583939472,-0.01041208459981249
2023-11-16,0.006142785126705797,0.006351912110832778
2023-11-17,-0.004341493322795924,-0.004132366338668943
2023-11-20,-0.0007606591087506425,-0.0005515321246236615
2023-11-21,0.003787741445196312,0.003996868429323293
2023-11-22,0.0027088597357679345,0.0029179867198949154
2023-11-24,-0.0005803240683491163,-0.0003711970842221353
2023-11-27,0.002897073595713764,0.003106200579840745
2023-11-28,-0.002684612572668001,-0.00247548558854102
2023-11-29,-0.0029689543367794453,-0.0027598273526524644
2023-11-30,0.0009508633749798496,0.0011599903591068305
2023-12-01,-0.003451107438178699,-0.0032327741048453693
2023-12-04,-0.004450073461661471,-0.004231740128328141
2023-12-05,0.00539808901554941,0.00561642234888274
2023-12-06,-0.0033984060751429583,-0.0031800727418096284
2023-12-07,-0.007254280741946686,-0.007035947408613356
2023-12-08,-0.003644649424390018,-0.0034263160910566882
2023-12-11,0.0011790838519938015,0.0013974171853271314
2023-12-12,0.0029690868521008466,0.0031874201854341765
2023-12-13,-0.006590552301796712,-0.006372218968463382
2023-12-14,-0.017313510203129167,-0.017095176869795836
2023-12-15,-0.0019815851734154223,-0.0017632518400820924
2023-12-18,0.008894493329133439,0.00911282666246677
2023-12-19,0.0041051291227248545,0.004323462456058184
2023-12-20,0.008520580992608197,0.008738914325941528
2023-12-21,-0.004581285233649091,-0.004362951900315761
2023-12-22,-0.002393911535695975,-0.002175578202362645
2023-12-26,-0.00215500660639814,-0.0019366732730648102
2023-12-27,-0.0002284618640310955,-1.01285306977655e-05
2023-12-28,-0.001810734410998753,-0.0015924010776654232
2023-12-29,0.00196745968211135,0.00218579301544468
2024-01-02,-0.006342202266554236,-0.006135059409411379
2024-01-03,0.002394884898492891,0.0026020277556357482
2024-01-04,-0.001551334723316371,-0.0013441918661735138
2024-01-05,-0.007938425569229333,-0.007731282712086476
2024-01-08,0.0046497524648317,0.004856895321974557
2024-01-09,-0.00016686920029624125,4.0273656846615875e-05
2024-01-10,0.008195184432763174,0.00840232728990603
2024-01-11,0.0003134320965269944,0.0005205749536698515
2024-01-12,0.009711097639448756,0.009918240496591613
2024-01-16,-0.001215018097528082,-0.0010078752403852248
2024-01-17,0.003526838557356227,0.0037339814144990843
2024-01-18,-0.004241886707172973,-0.004034743850030116
2024-01-19,-0.010005191017054034,-0.009798048159911176
2024-01-22,-0.0004681731658606201,-0.000261030308717763
2024-01-23,-0.0016495331793786028,-0.0014423903222357457
2024-01-24,0.0020659766366922907,0.0022731194938351478
2024-01-25,-0.005795500924615727,-0.00558835806747287
2024-01-26,0.004233250726323083,0.0044403935834659404
2024-01-29,0.0021258190568628392,0.0023329619140056964
2024-01-30,0.0006936440800431654,0.0009007869371860226
2024-01-31,-0.0034083945035689746,-0.0032012516464261175
2024-02-01,-0.00010801244472440587,0.00011032088860892414
2024-02-02,0.00471727374372873,0.00493560707706206
2024-02-05,-0.0057616398702454085,-0.005543306536912079
2024-02-06,0.007992927871077504,0.008211261204410835
2024-02-07,-0.004838299071351092,-0.004619965738017762
2024-02-08,-0.00919837257876726,-0.008980039245433929
2024-02-09,-0.005013612980761145,-0.004795279647427815
2024-02-12,-0.0023957357544127185,-0.0021774024210793885
2024-02-13,-0.004225582237874121,-0.004007248904540791
2024-02-14,0.004158972731351879,0.004377306064685209
2024-02-15,0.007028358710707419,0.007246692044040749
2024-02-16,-0.006771364674486785,-0.006553031341153455
2024-02-20,-0.0028687805945662175,-0.0026504472612328875
2024-02-21,0.004139962468841203,0.004358295802174533
2024-02-22,0.004024974426846839,0.004243307760180169
2024-02-23,-0.00244764903686101,-0.00222931570352768
2024-02-26,0.0035745809795502347,0.0037929143128835646
2024-02-27,-6.268420794053473e-05,0.00015564912539279527
2024-02-28,-0.00513037380781323,-0.0049120404744799
2024-02-29,0.003378793285926195,0.003597126619259525
2024-03-01,-0.0023469888196303475,-0.0021286554862970175
2024-03-04,-0.009239813314273806,-0.009021479980940475
2024-03-05,0.009975770077827344,0.010194103411160674
2024-03-06,0.0003024926001288017,0.0005208259334621317
2024-03-07,0.0045825821283857785,0.0048009154617191085
2024-03-08,-0.002170412085958104,-0.001952078752624774
2024-03-11,-0.0004328582905274453,-0.0002145249571941153
2024-03-12,-0.0025037071901624266,-0.0022853738568290967
2024-03-13,0.0015951823973480923,0.0018135157306814222
2024-03-14,0.0007829713264914303,0.0010013046598247603
2024-03-15,-0.0039833183047467465,-0.0037649849714134166
2024-03-18,-0.00027206867323772456,-5.373533990439455e-05
2024-03-19,0.008612312387902575,0.008830645721235906
2024-03-20,-0.009768024953511588,-0.009549691620178257
2024-03-21,0.004608713045808368,0.004827046379141698
2024-03-22,-0.006399460425100821,-0.006181127091767491
2024-03-25,-1.946030406545926e-05,0.00019887302926787075
2024-03-26,-0.0032473043858146657,-0.0030289710524813358
2024-03-27,-0.0066244905489372796,-0.00640615721560395
2024-03-28,0.0014204068805845453,0.0016387402139178752
2024-04-01,0.004770245145456301,0.004968729993941146
2024-04-02,0.005317300334985557,0.0055157851834704025
2024-04-03,-0.0010803609680066068,-0.0008818761195217613
2024-04-04,0.003588140852960165,0.00378662570144501
2024-04-05,-0.0017868008234092829,-0.0015883159749244375
2024-04-08,-0.004339762113654769,-0.004141277265169924
2024-04-09,0.004137280664386378,0.004335765512871223
2024-04-10,-0.009445892803725358,-0.009247407955240513
2024-04-11,-0.0012217482899922565,-0.001023263441507411
2024-04-12,0.005238483584853785,0.00543696843333863
2024-04-15,-0.00044219754366841787,-0.0002437126951835724
2024-04-16,-0.0005714328352346648,-0.0003729479867498193
2024-04-17,-0.0037274890978334454,-0.0035290042493486
2024-04-18,0.0031408784904938176,0.003339363338978663
2024-04-19,0.007327047458231196,0.007525532306716041
2024-04-22,-0.0035103701003406226,-0.003311885251855777
2024-04-23,0.006927812536159627,0.007126297384644473
2024-04-24,0.0029495867956393085,0.003148071644124154
2024-04-25,-0.006741435553531977,-0.006542950705047131
2024-04-26,-0.00190367750854181,-0.0017051926600569645
2024-04-29,0.0007185490660438716,0.0009170339145287171
2024-04-30,-0.003035428701916709,-0.0028369438534318636
2024-05-01,0.016316005212795855,0.016514868849159488
2024-05-02,-0.0015204763656872745,-0.0013216127293236427
2024-05-03,-0.0022510810661742248,-0.0020522174298105928
2024-05-06,-0.005518603836526522,-0.0053197402001628905
2024-05-07,0.0037593164673388065,0.0039581801037024385
2024-05-08,-0.003805734266563299,-0.003606870630199667
2024-05-09,0.00708343848540108,0.007282302121764711
2024-05-10,0.0004044082585842238,0.0006032718949478556
2024-05-13,0.004599739871998427,0.004798603508362058
2024-05-14,-0.0028057828830432546,-0.0026069192466796226
2024-05-15,0.005246176371972708,0.005445040008336339
2024-05-16,-0.0017052248150735184,-0.0015063611787098866
2024-05-17,0.0008333536540768901,0.0010322172904405219
2024-05-20,-0.0034859491930944865,-0.0032870855567308545
2024-05-21,0.005588454537964749,0.00578731817432838
2024-05-22,-0.0026965203202607693,-0.0024976566838971373
2024-05-23,0.002188249563013629,0.002387113199377261
2024-05-24,-0.008956041457125358,-0.008757177820761726
2024-05-28,0.004528291953295528,0.004727155589659159
2024-05-29,0.0026188559171024814,0.0028177195534661134
2024-05-30,0.0018389273484997334,0.002037790984863365
2024-05-31,0.004696531542425518,0.00489539517878915
2024-06-03,-0.001536473762599355,-0.0013066492011958497
2024-06-04,0.003568798311985414,0.003798622873388919
2024-06-05,-0.004684082232887159,-0.004454257671483654
2024-06-06,-0.0009539010558133173,-0.0007240764944098121
2024-06-07,0.003777846748654617,0.004007671310058122
2024-06-10,-0.006234914752596074,-0.006005090191192569
2024-06-11,0.005812939337301462,0.006042763898704968
2024-06-12,0.002526553555345159,0.0027563781167486644
2024-06-13,-0.00047449120870638947,-0.0002446666473028842
2024-06-14,0.004202376568866383,0.004432201130269888
2024-06-17,0.001647099567888604,0.0018769241292921092
2024-06-18,0.004331577976239967,0.004561402537643472
2024-06-20,0.006672624447745112,0.006902449009148617
2024-06-21,0.0032861303426542973,0.0035159549040578025
2024-06-24,0.007004487509956838,0.0072343120713603435
2024-06-25,-0.0010370750026870799,-0.0008072504412835746
2024-06-26,0.005803054428667634,0.006032878990071139
2024-06-27,-0.003613561413516453,-0.0033837368521129475
2024-06-28,0.003137788412947653,0.003367612974351158
2024-07-01,-0.0030486744304830883,-0.002851704733513393
2024-07-02,-0.002979280363974411,-0.0027823106670047154
2024-07-03,-0.0047851091568685295,-0.004588139459898834
2024-07-05,-0.003978968220706152,-0.003781998523736457
2024-07-08,-0.006344513704042454,-0.006147544007072759
2024-07-09,-0.0009386366927371392,-0.0007416669957674437
2024-07-10,-0.0007349124095929326,-0.0005379427126232371
2024-07-11,0.0073903125020509264,0.007587282199020622
2024-07-12,-0.011348780365836243,-0.011151810668866547
2024-07-15,-0.005692547503292829,-0.005495577806323134
2024-07-16,0.002718134393144513,0.0029151040901142086
2024-07-17,0.01092180232465075,0.011118772021620446
2024-07-18,0.003459745177111013,0.0036567148740807086
2024-07-19,0.012572258450589279,0.012769228147558974
2024-07-22,-0.0021430634881026626,-0.0019460937911329672
2024-07-23,0.0023429193838468212,0.0025398890808165167
2024-07-24,0.009323830833419857,0.009520800530389553
2024-07-25,0.0005983774739477043,0.0007953471709173998
2024-07-26,-0.01239738389663419,-0.012200414199664495
2024-07-29,0.0026782819772165605,0.002875251674186256
2024-07-30,0.013606188275793058,0.013803157972762754
2024-07-31,-0.0070022972253433085,-0.006805327528373613
2024-08-01,0.01307739179963074,0.013268679678418618
2024-08-02,0.0032442561675941253,0.0034355440463820024
2024-08-05,-0.002958260929623094,-0.002766973050835217
2024-08-06,-0.003917573400888117,-0.0037262855221002395
2024-08-07,0.013278742675236623,0.0134700305540245
2024-08-08,-0.0040328932074067,-0.0038416053286188232
2024-08-09,-0.002010200652668652,-0.0018189127738807748
2024-08-12,0.0024559599117647064,0.0026472477905525836
2024-08-13,0.00040297664623617664,0.0005942645250240539
2024-08-14,-0.00011061160240226172,8.067627638561555e-05
2024-08-15,-0.005754939190103314,-0.005563651311315436
2024-08-16,0.0014536270703852006,0.0016449149491730777
2024-08-19,-0.0027510651240333904,-0.002559777245245513
2024-08-20,-0.003222514502189851,-0.003031226623401974
2024-08-21,-0.0019424804494856337,-0.0017511925706977564
2024-08-22,0.011185142762883049,0.011376430641670926
2024-08-23,0.0024659755645050022,0.0026572634432928794
2024-08-26,-0.0005960305728139756,-0.00040474269402609835
2024-08-27,0.003977647438042319,0.004168935316830197
2024-08-28,0.010448605011129932,0.01063989288991781
2024-08-29,-0.0007282827098935619,-0.0005369948311056847
2024-08-30,-0.0006904195722693243,-0.0004991316934814471
2024-09-03,0.007359398849256811,0.0075560655159234765
2024-09-04,-0.007447308276770843,-0.007250641610104178
2024-09-05,-0.005093901312110676,-0.004897234645444011
2024-09-06,-0.0007491104788394536,-0.0005524438121727887
2024-09-09,-0.008475482625160914,-0.00827881595849425
2024-09-10,0.0016715798114899482,0.0018682464781566133
2024-09-11,-0.007057537033355477,-0.006860870366688812
2024-09-12,0.003960301093394497,0.004156967760061163
2024-09-13,-0.0020342652269236955,-0.0018375985602570304
2024-09-16,0.008717816798912903,0.008914483465579567
2024-09-17,0.005307699888129708,0.005504366554796373
2024-09-18,0.006327740481412515,0.00652440714807918
2024-09-19,-0.010726610205796034,-0.01052994353912937
2024-09-20,0.0038151664469615616,0.004011833113628227
2024-09-23,0.0010421498315182334,0.0012388164981848985
2024-09-24,-0.015014213443265237,-0.014817546776598573
2024-09-25,0.005111486504208417,0.005308153170875083
2024-09-26,-0.01026644971292657,-0.010069783046259906
2024-09-27,-0.0038068146107417974,-0.0036101479440751325
2024-09-30,0.010155348979887012,0.010352015646553676
2024-10-01,0.002620515226618223,0.0027839210237196707
2024-10-02,-0.012346722759899209,-0.012183316962797761
2024-10-03,0.0019953539782465294,0.0021587597753479773
2024-10-04,-0.0009041091513603604,-0.0007407033542589126
2024-10-07,-0.0045176772255725774,-0.00435427142847113
2024-10-08,-0.0017855851614187006,-0.0016221793643172526
2024-10-09,0.0037021506105418094,0.0038655564076432573
2024-10-10,-0.0007860449225965069,-0.000622639125495059
2024-10-11,-0.003195789619293586,-0.003032383822192138
2024-10-14,-0.0006495251878974001,-0.00048611939079595227
2024-10-15,0.009967371422548804,0.010130777219650252
2024-10-16,-0.007298881824098111,-0.0071354760269966636
2024-10-17,-0.004866466758358886,-0.0047030609612574385
2024-10-18,-0.00598098811730918,-0.005817582320207733
2024-10-21,-0.007852338799124519,-0.007688933002023071
2024-10-22,0.001049249837184499,0.0012126556342859469
2024-10-23,-0.0018703355523260366,-0.0017069297552245886
2024-10-24,-0.0056687888609533695,-0.005505383063851922
2024-10-25,-0.003024921171729486,-0.002861515374628038
2024-10-28,6.444686404156956e-05,0.0002278526611430174
2024-10-29,0.0051690631106344614,0.005332468907735909
2024-10-30,0.008663066809422606,0.008826472606524053
2024-10-31,-0.005073590360563669,-0.004910184563462222
2024-11-01,0.002029722115107279,0.002213888781773944
2024-11-04,-0.0021948962624844894,-0.0020107295958178245
2024-11-05,0.0006670701915884316,0.0008512368582550966
2024-11-06,0.02266012591855238,0.022844292585219046
2024-11-07,-0.016059289315526054,-0.01587512264885939
2024-11-08,0.005336419593048965,0.00552058625971563
2024-11-11,0.0021026366941730764,0.0022868033608397413
2024-11-12,0.006089244419040363,0.006273411085707028
2024-11-13,0.0003364758402460534,0.0005206425069127184
2024-11-14,-0.0015237098914605016,-0.0013395432247938367
2024-11-15,0.004376359309020139,0.004560525975686804
2024-11-18,-0.0028856085536061566,-0.0027014418869394916
2024-11-19,-0.0026818780658422387,-0.002497711399175574
2024-11-20,0.0020341009184538313,0.0022182675851204962
2024-11-21,0.004314056906293804,0.004498223572960469
2024-11-22,-0.005297704232860297,-0.005113537566193632
2024-11-25,0.002921588767179913,0.003105755433846578
2024-11-26,0.006509844352816505,0.00669401101948317
2024-11-27,-0.00912635529881978,-0.008942188632153115
2024-11-29,-0.0016075041196568325,-0.0014233374529901675
2024-12-02,0.00699982628998597,0.0071692707344304125
2024-12-03,-0.0012498235863340334,-0.0010803791418895906
2024-12-04,0.0001548251089942836,0.00032426955343872646
2024-12-05,-0.0032523023209552683,-0.0030828578765108253
2024-12-06,-0.01176293787591191,-0.011593493431467468
2024-12-09,0.006401128600033785,0.006570573044478227
2024-12-10,0.00017253810743200813,0.000341982551876451
2024-12-11,0.004946661308880139,0.005116105753324582
2024-12-12,0.0021568627443943255,0.0023263071888387685
2024-12-13,-0.0051519288091165195,-0.004982484364672077
2024-12-16,-0.012433409314948513,-0.01226396487050407
2024-12-17,-0.005355069603850164,-0.005185625159405721
2024-12-18,-0.0044233550733500685,-0.004253910628905626
2024-12-19,0.004813653544436911,0.004983097988881353
2024-12-20,0.00022548958819435075,0.0003949340326387936
2024-12-23,0.0020838508735498557,0.0022532953179942986
2024-12-24,-0.0011566997017063534,-0.0009872552572619106
2024-12-26,-0.004698060036261978,-0.004528615591817536
2024-12-27,0.005127341266739539,0.0052967857111839815
2024-12-30,0.004807538007448847,0.00497698245189329
2024-12-31,0.004927707612443161,0.005097152056887604
2025-01-02,0.0020716845796416553,0.00224710124630832
2025-01-03,-0.009572592565595209,-0.009397175898928543
2025-01-06,-0.001108253251141246,-0.0009328365844745811
2025-01-07,0.001977682712309744,0.0021530993789764087
2025-01-08,0.016896368816835466,0.01707178548350213
2025-01-10,-0.0006473941471393349,-0.00047197748047266995
2025-01-13,0.014565854047453605,0.01474127071412027
2025-01-14,0.01378531774490446,0.013960734411571125
2025-01-15,0.004119194843305704,0.004294611509972369
2025-01-16,0.007018094046997533,0.007193510713664198
2025-01-17,-0.001535822091565082,-0.0013604054248984169
2025-01-21,-0.0014320151406523821,-0.001256598473985717
2025-01-22,-0.0038848611788784644,-0.0037094445122117996
2025-01-23,-2.231436399719117e-05,0.00015310230266947383
2025-01-24,0.00063331273854854,0.0008087294052152049
2025-01-27,0.019068600821587078,0.01924401748825374
2025-01-28,-0.004696742791901108,-0.0045213261252344435
2025-01-29,-0.005502561848267311,-0.005327145181600646
2025-01-30,-0.005422590612252893,-0.005247173945586228
2025-01-31,-0.0071951427646695714,-0.007019726098002907
2025-02-03,-0.0049974675423527445,-0.0048123798230545025
2025-02-04,-0.006058170896097303,-0.005873083176799061
2025-02-05,0.0021794675798912557,0.002364555299189498
2025-02-06,0.004825512676114229,0.0050106003954124715
2025-02-07,0.004554465700061574,0.0047395534193598165
2025-02-10,0.001331705767273433,0.001516793486571675
2025-02-11,0.008328033371370568,0.008513121090668811
2025-02-12,-0.00913052689764932,-0.008945439178351076
2025-02-13,0.001027247521746177,0.0012123352410444192
2025-02-14,0.0006636582397530545,0.0008487459590512965
2025-02-18,-0.005724827188752748,-0.005539739469454506
2025-02-19,-0.007025682390914006,-0.006840594671615764
2025-02-20,-0.011218444346558174,-0.011033356627259931
2025-02-21,0.002476236346093244,0.002661324065391486
2025-02-24,0.01212793862109895,0.012313026340397193
2025-02-25,0.014029367538808834,0.014214455258107076
2025-02-26,0.01093687220824826,0.011121959927546502
2025-02-27,-0.012278649167599725,-0.012093561448301482
2025-02-28,0.00775034388321471,0.007935431602512952
2025-03-03,0.0006590672791397438,0.0008257339458064104
2025-03-04,-0.01735736072495419,-0.017190694058287524
2025-03-05,-0.012743646711101973,-0.012576980044435306
2025-03-06,-0.005312097232308492,-0.005145430565641825
2025-03-07,0.0033126464007206514,0.003479313067387318
2025-03-10,-0.0036245556440418804,-0.003457888977375214
2025-03-11,0.008094352677256684,0.008261019343923351
2025-03-12,0.0038969977099972243,0.004063664376663891
2025-03-13,-0.0046461704371740685,-0.004479503770507402
2025-03-14,0.011110425879395525,0.011277092546062193
2025-03-17,-0.006586796151525429,-0.006420129484858763
2025-03-18,0.00929909774990844,0.009465764416575108
2025-03-19,0.005654597800444837,0.005821264467111504
2025-03-20,0.005123649502376332,0.005290316169042998
2025-03-21,-0.005135570887782739,-0.004968904221116072
2025-03-24,-0.0006109178039758242,-0.00044425113730915753
2025-03-25,0.001341193017499557,0.0015078596841662237
2025-03-26,0.01076202858732244,0.010928695253989108
2025-03-27,-0.0028622629554575863,-0.0026955962887909198
2025-03-28,0.0021885737232283696,0.002355240389895036
2025-03-31,0.017178794447973753,0.017345461114640418
2025-04-01,0.0029547816840147945,0.003121845176078285
2025-04-02,-0.0022023232254772917,-0.0020352597334138012
2025-04-03,-0.02011799813830499,-0.0199509346462415
2025-04-04,-0.004958603876677808,-0.004791540384614318
2025-04-07,0.0020215406899629904,0.002188604182026481
2025-04-08,0.0064167651541192664,0.0065838286461827565
2025-04-09,0.005213415784966067,0.005380479277029557
2025-04-10,-0.019811827433391157,-0.019644763941327668
2025-04-11,-0.001186615760944983,-0.0010195522688814926
2025-04-14,-0.0007351240755267648,-0.0005680605834632743
2025-04-15,0.007510003367336905,0.007677066859400395
2025-04-16,-0.003223785505233329,-0.0030567220131698385
2025-04-17,-0.00421325295375954,-0.00404618946169605
2025-04-21,-0.011644857722415936,-0.011477794230352445
2025-04-22,0.0023661668871215948,0.0025332303791850853
2025-04-23,-0.0043716820936389005,-0.00420461860157541
2025-04-24,-0.00038907285415370975,-0.00022200936209021928
2025-04-25,0.006774968847019034,0.006942032339082524
2025-04-28,0.002115631297337093,0.0022826947894005836
2025-04-29,0.0025479955696505008,0.0027150590617139913
2025-04-30,-0.0016948991731726914,-0.001527835681109201
2025-05-01,-0.0024307961678169867,-0.0022621453741661964
2025-05-02,0.0004015319773679409,0.0005701827710187314
2025-05-05,0.009245858273360982,0.009414509067011773
2025-05-06,-0.0023468467178859253,-0.0021781959242351346
2025-05-07,-0.0073437135291298,-0.00717506273547901
2025-05-08,0.005135825832780275,0.005304476626431066
2025-05-09,-0.005907598039646366,-0.005738947245995576
2025-05-12,0.010704186605994166,0.010872837399644956
2025-05-13,0.0017860032915379476,0.001954654085188738
2025-05-14,-0.0036860386997079916,-0.003517387906057201
2025-05-15,-0.00495193811597632,-0.00478328732232553
2025-05-16,-0.00688309327888082,-0.00671444248523003
2025-05-19,0.004868481048307135,0.0050371318419579255
2025-05-20,-0.00021745146134816517,-4.880066769737468e-05
2025-05-21,-0.001092874885287842,-0.0009242240916370514
2025-05-22,-0.012748214897232149,-0.012579564103581358
2025-05-23,0.0028674709818993344,0.003036121775550125
2025-05-27,0.01003126234169849,0.01019991313534928
2025-05-28,0.0008431851031881338,0.0010118358968389243
2025-05-29,0.005182911403232247,0.0053515621968830375
2025-05-30,0.006572425397182594,0.006741076190833384
2025-06-02,-0.0006112115459788745,-0.0004349615459788745
2025-06-03,0.0004464873986215214,0.0006227373986215214
2025-06-04,-0.006900138603699134,-0.006723888603699134
2025-06-05,0.004133377855139309,0.004309627855139309
2025-06-06,0.002559110323997235,0.0027353603239972353
2025-06-09,-0.0020197189009989866,-0.0018434689009989866
2025-06-10,-0.0013376887514639768,-0.0011614387514639769
2025-06-11,0.0033515510646322257,0.003527801064632226
2025-06-12,-0.006904091102101195,-0.006727841102101195
2025-06-13,-0.006823862802076982,-0.006647612802076982
2025-06-16,0.011363465168012336,0.011539715168012336
2025-06-17,-0.0036052342964059845,-0.0034289842964059843
2025-06-18,0.0031009039021867952,0.0032771539021867954
2025-06-20,-0.002119890088602367,-0.001943640088602367
2025-06-23,0.003854310593164827,0.004030560593164827
2025-06-24,0.0009799429527306861,0.0011561929527306861
2025-06-25,-0.003645124512050748,-0.003468874512050748
2025-06-26,0.008668136772295637,0.008844386772295636
2025-06-27,0.006947031884001633,0.007123281884001634
2025-06-30,0.00024301671867477532,0.00041926671867477535
2025-07-01,-0.003577688527213915,-0.0034167036787290696
2025-07-02,-0.0011557526699291908,-0.0009947678214443454
2025-07-03,-0.002143890959119461,-0.001982906110634615
2025-07-07,0.0023811146094712167,0.0025420994579560623
2025-07-08,-0.009938993733284,-0.009778008884799154
2025-07-09,-0.005037873145653079,-0.004876888297168234
2025-07-10,-0.0015046617985970431,-0.0013436769501121977
2025-07-11,-0.004924813626122184,-0.0047638287776373385
2025-07-14,-0.001748005893901087,-0.0015870210454162416
2025-07-15,-0.002619119329698283,-0.0024581344812134374
2025-07-16,-0.010718604404916936,-0.01055761955643209
2025-07-17,-0.005538022960831839,-0.0053770381123469935
2025-07-18,-0.0013833024987012382,-0.0012223176502163928
2025-07-21,-0.0013966522265335057,-0.0012356673780486603
2025-07-22,-0.007969452832427226,-0.007808467983942381
2025-07-23,0.007939859243923028,0.008100844092407874
2025-07-24,-0.007986216397050118,-0.007825231548565272
2025-07-25,0.0012139415677558866,0.001374926416240732
2025-07-28,0.007849013570681164,0.00800999841916601
2025-07-29,0.005478765877032447,0.005639750725517292
2025-07-30,0.0038252191879862766,0.003986204036471122
2025-07-31,9.081924558205622e-05,0.0002518040940669017
2025-08-01,-0.0019403321618880914,-0.0017768400983960294
2025-08-04,0.004446484123833693,0.004609976187325755
2025-08-05,-0.0020093559227641893,-0.0018458638592721273
2025-08-06,0.003950630388002683,0.004114122451494745
2025-08-07,0.022126827376151553,0.022290319439643616
2025-08-08,0.011521387522390266,0.011684879585882327
2025-08-11,-0.005026921153130481,-0.004863429089638419
2025-08-12,0.00937490813328004,0.009538400196772101
2025-08-13,-0.008453682007793941,-0.00829018994430188
2025-08-14,0.0021064458135032996,0.0022699378769953614
2025-08-15,0.0036211947236734145,0.0037846867871654762
2025-08-18,-0.0006171989159227859,-0.000453706852430724
2025-08-19,0.0038755352823256852,0.004039027345817747
2025-08-20,-0.0017872587266192508,-0.0016237666631271888
2025-08-21,0.0029562527019539294,0.003119744765445991
2025-08-22,0.01384942201800399,0.014012914081496053
2025-08-25,0.004410786386056617,0.004574278449548679
2025-08-26,0.001532206394053233,0.0016956984575452949
2025-08-27,0.0012571814106217588,0.0014206734741138208
2025-08-28,0.00988497122982618,0.010048463293318242
2025-08-29,-0.0018258771785846606,-0.0016623851150925986
2025-09-02,-0.01401614295197202,-0.013860587396416468
2025-09-03,0.005066160876251894,0.005221716431807446
2025-09-04,0.009758605991743215,0.009914161547298768
2025-09-05,-0.012494389904943084,-0.012338834349387531
2025-09-08,0.0049179640333989446,0.005073519588954497
2025-09-09,0.0019052448237259134,0.002060800379281466
2025-09-10,0.002035149923078178,0.0021907054786337306
2025-09-11,-0.0046471425103644555,-0.0044915869548089035
2025-09-12,-0.0020742810103801463,-0.0019187254548245938
2025-09-15,-0.0008664362820803017,-0.0007108807265247493
2025-09-16,-0.010322190989640313,-0.01016663543408476
2025-09-17,-0.00163249234776058,-0.0014769367922050276
2025-09-18,0.0008718880944135711,0.0010274436499691235
2025-09-19,0.0007870226471211227,0.000942578202676675
2025-09-22,-0.0071510207493510666,-0.0069954651937955145
2025-09-23,-0.004293216300202434,-0.004137660744646882
2025-09-24,-0.0033291623792568565,-0.003173606823701304
2025-09-25,0.005159786412962247,0.005315341968517799
2025-09-26,-0.003832426492010864,-0.0036768709364553114
2025-09-29,-0.008737983379127408,-0.008582427823571855
2025-09-30,0.0016432100952884238,0.0017987656508439763
2025-10-01,0.0005579052189015598,0.0006963110160030076
2025-10-02,-0.009420627685879155,-0.009282221888777706
2025-10-03,-0.010481714340407454,-0.010343308543306005
2025-10-06,-0.005067493322570169,-0.004929087525468721
2025-10-07,0.006634186852592309,0.006772592649693756
2025-10-08,0.0018814403331096682,0.002019846130211116
2025-10-09,-0.002408612213975869,-0.002270206416874421
2025-10-10,-0.005617591907818666,-0.005479186110717218
2025-10-13,-0.0023084465799336805,-0.002170040782832233
2025-10-14,0.0015111188993125308,0.0016495246964139787
2025-10-15,0.006098265571893768,0.0062366713689952155
2025-10-16,0.003726281585176688,0.0038646873822781357
2025-10-17,0.0004557737196486079,0.0005941795167500557
2025-10-20,0.005178822444821732,0.00531722824192318
2025-10-21,0.0013139024208022447,0.0014523082179036925
2025-10-22,0.008090105620328672,0.00822851141743012
2025-10-23,-0.0007777120059006368,-0.000639306208799189
2025-10-24,0.0022630425259568612,0.002401448323058309
2025-10-27,-0.014860756591431747,-0.014722350794330298
2025-10-28,0.002295949526640793,0.0024343553237422405
2025-10-29,0.007110623163566701,0.007249028960668149
2025-10-30,-0.005354496310790156,-0.005216090513688708
2025-10-31,0.006015922676068069,0.006154328473169516
2025-11-03,0.018156637735831763,0.018322427209515973
2025-11-04,0.005671312953722302,0.005837102427406512
2025-11-05,-0.000364267827353556,-0.00019847835366934547
2025-11-06,0.009793579277557718,0.00995936875124193
2025-11-07,-0.001845624868708024,-0.0016798353950238135
2025-11-10,-0.0008602516707179025,-0.000694462197033692
2025-11-11,-0.003552910801512983,-0.0033871213278287727
2025-11-12,-0.002623383100688426,-0.002457593627004215
2025-11-13,0.011977965300360143,0.012143754774044354
2025-11-14,-0.0003087123165946328,-0.00014292284291042226
2025-11-17,0.004853622768010272,0.005019412241694482
2025-11-18,-0.0041139364734298165,-0.003948146999745606
2025-11-19,0.008752622391235643,0.008918411864919854
2025-11-20,0.0041506810986314015,0.004316470572315612
2025-11-21,0.004516256675909599,0.004682046149593809
2025-11-24,-2.1046960330834428e-06,0.00016368477765112707
2025-11-25,0.0013227460138103655,0.001488535487494576
2025-11-26,-0.00038506765313845424,-0.00021927817945424373
2025-11-28,-0.0036375884274424427,-0.003471798953758232
2025-12-01,0.0020995281602659613,0.0022355130087508067
2025-12-02,0.0009494089171718878,0.0010853937656567334
2025-12-03,-0.010138996232719117,-0.010003011384234272
2025-12-04,-0.013759713362121237,-0.013623728513636392
2025-12-05,0.002808067475507635,0.0029440523239924804
2025-12-08,-0.002333146494574654,-0.002197161646089809
2025-12-09,0.001817942520893832,0.0019539273693786777
2025-12-10,-0.0010382176297343915,-0.0009022327812495461
2025-12-11,0.005246381572244658,0.005382366420729504
2025-12-12,0.0019529053234634635,0.002088890171948309
2025-12-15,0.011780525561495234,0.01191651040998008
2025-12-16,-0.001272262981770329,-0.0011362781332854835
2025-12-17,0.006464596683097268,0.006600581531582114
2025-12-18,0.0010720186199713103,0.0012080034684561558
2025-12-19,-0.0020150860263214976,-0.0018791011778366523
2025-12-22,-0.005597976954023758,-0.005461992105538912
2025-12-23,0.004679469039245636,0.004815453887730481
2025-12-24,-0.0006102109907273993,-0.0004742261422425539
2025-12-26,0.0059200872126920255,0.006056072061176871
2025-12-29,0.0036657893947895305,0.003801774243274376
2025-12-30,0.0017781061578391632,0.0019140910063240087
2025-12-31,0.004841301587898544,0.0049772864363833895
2026-01-02,-0.006843932193865708,-0.006695182193865713
2026-01-05,-0.010133011356014247,-0.009984261356014252
2026-01-06,0.004595417142209908,0.004744167142209903
2026-01-07,0.010539087461597629,0.010687837461597623
2026-01-08,-0.0081226362914801,-0.007973886291480105
2026-01-09,-0.004887199193839706,-0.00473844919383971
2026-01-12,-0.00605398415913723,-0.005905234159137235
2026-01-13,0.0007952977685190701,0.0009440477685190652
2026-01-14,-0.01002424543753572,-0.009875495437535726
2026-01-15,0.00683327160338936,0.0069820216033893556
2026-01-16,-0.009070458846878179,-0.008921708846878184
2026-01-20,0.0085157115984993,0.008664461598499294
2026-01-21,0.0014749855011238426,0.0016237355011238376
2026-01-22,-0.0020680399707408256,-0.0019192899707408306
2026-01-23,0.0014285612085450086,0.0015773112085450036
2026-01-26,0.008738792270965452,0.008887542270965446
2026-01-27,0.0016052179273286914,0.0017539679273286864
2026-01-28,-0.0006815170691302719,-0.0005327670691302769
2026-01-29,0.014150384546535824,0.014299134546535818
2026-01-30,0.011571407861360423,0.011720157861360417
2026-02-02,0.014814181345363386,0.014972076082205492
2026-02-03,0.013920924352576717,0.014078819089418822
2026-02-04,-0.00413990898788949,-0.003982014251047385
2026-02-05,0.027914668838184314,0.02807256357502642
2026-02-06,-0.029059815373328704,-0.028901920636486597
2026-02-09,-0.011974568151041955,-0.01181667341419985
2026-02-10,0.002880338119071222,0.0030382328559133273
2026-02-11,0.0134537910392508,0.013611685776092905
2026-02-12,0.005149809639779636,0.0053077043766217415
2026-02-13,-0.00267211685552702,-0.0025142221186849147
2026-02-17,0.009879360908829243,0.010037255645671348
2026-02-18,-0.0027787169978548652,-0.00262082226101276
2026-02-19,-0.005959684352543714,-0.0058017896157016085
2026-02-20,-0.0007218440466688369,-0.0005639493098267317
2026-02-23,-0.0028157999542203355,-0.0026579052173782303
2026-02-24,-0.0038571120551020802,-0.003699217318259975
2026-02-25,-0.016448761617472586,-0.01629086688063048
2026-02-26,0.0004972219868503351,0.0006551167236924404
2026-02-27,0.0061192207363985895,0.006277115473240695
2026-03-02,-0.011302447541485159,-0.011165705117242736
2026-03-03,0.001125858972925627,0.0012626013971680497
2026-03-04,-0.003680834457409033,-0.00354409203316661
2026-03-05,-0.0005707665935363545,-0.0004340241692939318
2026-03-06,0.005347283869764041,0.005484026294006464
2026-03-09,-0.0010361894491677998,-0.0008994470249253771
2026-03-10,-0.0030778636520706094,-0.0029411212278281865
2026-03-11,-0.0014671199042786901,-0.0013303774800362675
2026-03-12,0.0012129222541236502,0.001349664678366073
2026-03-13,0.0018486094507377789,0.001985351874980202
2026-03-16,-0.002813011258567151,-0.002676268834324728
2026-03-17,0.0008644735915358039,0.0010012160157782267
2026-03-18,0.005755262171975098,0.005892004596217521
2026-03-19,0.005969267348672392,0.0061060097729148145
2026-03-20,0.01023918874271286,0.010375931166955283
2026-03-23,-0.0010714664511944257,-0.000934724026952003
2026-03-24,0.013761590594607227,0.01389833301884965
2026-03-25,-0.0002852496428811819,-0.00014850721863875918
2026-03-26,0.005418014213839877,0.0055547566380823
2026-03-27,0.007088586796218785,0.007225329220461208
2026-03-30,0.007515831613088563,0.007652574037330986
2026-03-31,-0.01151437722144572,-0.011377634797203297
2026-04-01,0.006747186160137382,0.006890440128391349
2026-04-02,-0.012003490082196878,-0.011860236113942912
2026-04-06,0.0016652432688326329,0.0018084972370865995
2026-04-07,0.004373167093357806,0.004516421061611773
2026-04-08,-0.004131448757035694,-0.003988194788781727
2026-04-09,0.0012942298469790854,0.001437483815233052
2026-04-10,-0.004931880831908575,-0.004788626863654608
2026-04-13,-0.005342389110991304,-0.005199135142737337
2026-04-14,-0.0032132887111276293,-0.003070034742873663
2026-04-15,-0.008631091289058177,-0.008487837320804211
2026-04-16,-0.014576625368371437,-0.01443337140011747
2026-04-17,0.003180034591431344,0.003323288559685311
2026-04-20,0.0009929799973456296,0.0011362339655995963
2026-04-21,0.005418975199055585,0.005562229167309552
2026-04-22,-0.0034308812556588424,-0.0032876272874048755
2026-04-23,0.012926282359078821,0.013069536327332787
2026-04-24,0.010624915838046561,0.010768169806300527
2026-04-27,0.008198914375142993,0.008342168343396959
2026-04-28,0.0065917416001067975,0.006734995568360764
2026-04-29,0.0024692329007712514,0.002612486869025218
2026-04-30,-0.0040571083085084066,-0.00391385434025444
2026-05-01,0.0005701516631431392,0.0007201516631431392
2026-05-04,-0.0013124188337212822,-0.0011624188337212822
2026-05-05,-0.0005468134111154165,-0.0003968134111154165
2026-05-06,-0.019404231771540135,-0.019254231771540134
2026-05-07,0.004875905875433343,0.005025905875433343
2026-05-08,-0.008606405000123132,-0.00845640500012313
2026-05-11,-0.016756859390425476,-0.016606859390425475
2026-05-12,0.0063955414478022,0.0065455414478022
2026-05-13,-0.006363664960627962,-0.006213664960627962
2026-05-14,-0.010244217974739867,-0.010094217974739866
2026-05-15,0.004774858677042544,0.004924858677042544
2026-05-18,0.012388976234023274,0.012538976234023275
2026-05-19,0.0006409092219179372,0.0007909092219179372
2026-05-20,-0.0005734222559686868,-0.00042342225596868674
2026-05-21,-0.012575845613968897,-0.012425845613968896
2026-05-22,-0.008719058067522333,-0.008569058067522332
2026-05-26,-0.002999809406556953,-0.002849809406556953
2026-05-27,0.001702835663401577,0.0018528356634015769
2026-05-28,-0.0015664032148326817,-0.0014164032148326817
2026-05-29,-0.001017296285402878,-0.000867296285402878
2026-06-01,0.0005076876013234144,0.0006529256965615096
2026-06-02,-0.0015080919780034521,-0.001362853882765357
2026-06-03,0.006593143405751757,0.006738381500989852
2026-06-04,0.009194732722131314,0.00933997081736941
2026-06-05,0.03001884268117499,0.030164080776413082
2026-06-08,-0.010542570221242381,-0.010397332126004286
2026-06-09,0.02365322351362002,0.023798461608858113
2026-06-10,0.009097907675421365,0.009243145770659461
2026-06-11,-0.009404035855828016,-0.00925879776058992
2026-06-12,0.008240642985218087,0.008385881080456183
2026-06-15,-0.007050717923627524,-0.006905479828389429
2026-06-16,0.015292721584611,0.015437959679849097
2026-06-17,-0.007407929177007878,-0.007262691081769783
2026-06-18,-0.011584707327347014,-0.011439469232108918
2026-06-22,0.006811207695028925,0.00695644579026702
2026-06-23,0.012822425000387386,0.012967663095625482
2026-06-24,0.027880451661577165,0.02802568975681526
2026-06-25,0.009649430461303343,0.009794668556541439
2026-06-26,0.00345534056348633,0.0036005786587244254
2026-06-29,-0.005855577834821122,-0.005710339739583027
2026-06-30,-0.004486779315952542,-0.004341541220714447
2026-07-01,0.014837491677314758,0.014978779556102636
2026-07-02,0.016839817111884304,0.01698110499067218
2026-07-06,-0.004446336555303006,-0.004305048676515129
2026-07-07,0.017774356130438422,0.017915644009226298
2026-07-08,-0.01225540201087213,-0.012114114132084252
2026-07-09,0.008420391759621688,0.008561679638409566
2026-07-10,0.008515907302735716,0.008657195181523594
2026-07-13,0.01810669773432584,0.018247985613113717
2026-07-14,-0.005337762405009888,-0.005196474526222011
2026-07-15,0.009510955135550147,0.009652243014338025
2026-07-16,0.02601483140473936,0.026156119283527235
2026-07-17,-0.001016319369020039,-0.0008750314902321618
2026-07-20,-0.011058660341664322,-0.010917372462876444
2026-07-21,-0.011144555522562832,-0.011003267643774954
2026-07-22,0.0023792099459223064,0.002520497824710184
2026-07-23,-0.008075988424404223,-0.007934700545616345
2026-07-24,0.018459872605661523,0.0186011604844494
2026-07-27,-0.00067917350769495,-0.0005378856289070728
2026-07-28,0.013903139652787213,0.014044427531575091
2026-07-29,0.013558205890901849,0.013699493769689727
2026-07-30,-0.0272081098714603,-0.027066821992672425
2026-07-31,-0.005580017748925264,-0.005438729870137387
2026-08-03,-0.010858508243434723,-0.010710889195815676
2026-08-04,-0.015770313802771167,-0.015622694755152119
2026-08-05,-0.0003417264013588213,-0.00019410735373977367
2026-08-06,-0.028364013758831297,-0.028216394711212248
2026-08-07,-0.0020405139789834792,-0.0018928949313644315
2026-08-10,0.005682331750586274,0.005829950798205322
2026-08-11,-0.011826439117004359,-0.011678820069385311
2026-08-12,-0.002000940678562328,-0.0018533216309432803
2026-08-13,0.0077648332970559454,0.007912452344674994
2026-08-14,0.0011254693677291456,0.0012730884153481932
2026-08-17,-0.004263723885695463,-0.004116104838076415
2026-08-18,0.013899120463362925,0.014046739510981973
2026-08-19,0.0007224286070207243,0.0008700476546397718
2026-08-20,-0.005407707707542374,-0.0052600886599233265
2026-08-21,-0.0022995967486427763,-0.002151977701023729
2026-08-24,0.011607825849386995,0.011755444897006043
2026-08-25,-0.004225855369319149,-0.004078236321700101
2026-08-26,0.005490157281236212,0.00563777632885526
2026-08-27,-0.0031805187108591244,-0.003032899663240077
2026-08-28,0.0060943131532543915,0.006241932200873439
2026-08-31,-0.00793301276633281,-0.007785393718713762
