test,window,n,observed_diff_pm,min_detectable_pm,detectable_IR_gap,point,lo,hi,p_better,wins,p_binom,best,p_best_by_luck,book,vol,maxdd,worst,tail5,downside_sd
power,validation,24.0,-0.25848252395286114,0.9821359328058088,1.1245018701775873,,,,,,,,,,,,,,
power,evaluation,68.0,0.0816069338733216,0.7371889458015223,0.6629730212695709,,,,,,,,,,,,,,
bootstrap,validation,,,,,-0.3533239382722171,-1.641628202778421,0.5946313161613856,0.2096,,,,,,,,,,
bootstrap,evaluation,,,,,0.1515923471481151,-0.3967052351680911,0.6697475020174197,0.7068,,,,,,,,,,
sweep,,18.0,,,,,,,,7.0,0.480682373046875,0.4504216456541995,0.9998,,,,,,
risk,validation,,,,,,,,,,,,,baseline,10.480757307952235,-6.187963651384221,-5.694712854914584,-5.694712854914584,4.743986502635164
risk,validation,,,,,,,,,,,,,B,9.73795691145374,-7.162092898088568,-4.772443613667941,-4.772443613667941,4.289165454359923
risk,evaluation,,,,,,,,,,,,,baseline,13.343329314785635,-7.45849353672805,-7.758493536728054,-6.528641777216639,6.85718118572666
risk,evaluation,,,,,,,,,,,,,B,12.302993863919705,-5.426806521492811,-4.706721644865017,-4.443684660918691,4.859260305722677
