window,arm,IR,spread,vol,turnover,net_sector
validation,baseline (buffer 2.5),-0.45619657830425697,-0.7812856219251457,10.480757307952235,22.52528195434944,106.8944386170756
validation,"buffer 2.0, nothing else",-0.7108175706345744,-3.3804473933516364,10.38304017550217,24.327103380156913,104.18836685580406
validation,"buffer 1.6, nothing else",-1.1041921641973071,-7.198407083127084,10.141719391087845,26.495176042828756,99.52848248814048
validation,"refresh 5/month, no sectors",-1.034237994202798,-5.561034578753601,9.244520731539504,25.41557942639601,99.85668057955876
validation,"refresh 10/month, no sectors",-1.0617998892371947,-7.063334984278483,10.419416216201025,28.529751795075242,93.92991362489353
validation,"refresh 20/month, no sectors",-1.3026541899269986,-10.268553801728183,10.953447132832542,36.14607417604784,91.51817864966607
validation,sector cap 5 (variant S rule),-0.8546508638563107,-6.505501406538164,12.292155605080406,25.380272525973762,40.76383664277702
evaluation,baseline (buffer 2.5),0.8514143294485621,15.360701781159554,13.343329314785635,25.01056927373591,91.23923538327364
evaluation,"buffer 2.0, nothing else",0.9649131902466906,16.30227174485701,12.74961506300043,26.701059075741227,90.52237918709919
evaluation,"buffer 1.6, nothing else",0.9862211985350233,16.77979732554051,12.958347827570714,28.486566891050064,91.04573288864968
evaluation,"refresh 5/month, no sectors",0.978233338610265,16.82213861270183,13.107443905886203,27.232527042357567,89.77255576198763
evaluation,"refresh 10/month, no sectors",1.1905629283907866,19.530765775744445,13.044892802715152,30.251744003327786,88.15459512967837
evaluation,"refresh 20/month, no sectors",1.2458597241265619,19.77208481784534,12.659599240919935,38.034393725165025,87.76412467235428
evaluation,sector cap 5 (variant S rule),1.0890086503821583,20.06760256940366,14.754338786716863,27.77540108899833,36.97630998778545
