permno,ticker,company_name,avg_weight,months_held,avg_weight_overall,side
79906,INCY,INCYTE CORP,0.013220662852763321,58,0.011276447727356951,long
84010,USNA,USANA HEALTH SCIENCES INC,0.012602577448912073,42,0.00778394489491628,long
13318,YELP,YELP INC,0.011281266173445293,46,0.0076314447643894626,long
89964,NNI,NELNET INC,0.01734108716480099,29,0.007395463643812187,long
90319,GOOGL,ALPHABET INC,0.012247897221478534,40,0.007204645424399138,long
88167,HSTM,HEALTHSTREAM INC,0.013830245017074885,34,0.006915122508537442,long
14521,TNET,TRINET GROUP INC,0.012009664362402188,38,0.006711283026048281,long
90125,CORT,CORCEPT THERAPEUTICS INC,0.009777495525558302,46,0.006614188149642382,long
65700,USLM,UNITED STATES LIME MINERALS INC,0.012096064618890722,36,0.006403798915883323,long
79491,WINA,WINMARK CORP,0.012390994522033755,34,0.006195497261016878,long
91611,FSLR,FIRST SOLAR INC,-0.009599533631369573,52,-0.007340819835753203,short
91926,DAL,DELTA AIR LINES INC,-0.012522576586369174,39,-0.007182065983358792,short
90505,LVS,LAS VEGAS SANDS CORP,-0.012578322984639762,37,-0.006844087506348106,short
91103,UAL,UNITED AIRLINES HOLDINGS INC,-0.010484412378315195,39,-0.006013118864033715,short
16966,SWCH,SWITCH INC,-0.016403709761649243,24,-0.005789544621758556,short
15302,VIRT,VIRTU FINANCIAL INC,-0.016370904710748604,24,-0.005777966368499508,short
13688,PCG,P G & E CORP,-0.015399363901895384,25,-0.005661530846285068,short
21020,AAL,AMERICAN AIRLINES GROUP INC,-0.009888716009023421,38,-0.0055260471815130885,short
17036,CNNE,CANNAE HOLDINGS INC,-0.014095546659184489,26,-0.005389473722629363,short
81593,COOP,MR COOPER GROUP INC,-0.01518571235000875,24,-0.005359663182356029,short
