target_month,permno,ticker,company_name,weight,raw_forward,model
2021-01,12914,,,0.016497358359535096,,ols
2021-01,17334,,,0.013130732568776362,,ols
2021-02,16579,,,0.01595006147255999,,ols
2021-04,19567,PAND,PANDION THERAPEUTICS INC,-0.02083377257295655,,ols
2021-05,91900,,,0.01798088034638459,,ols
2021-05,93393,,,-0.020036973465497106,,ols
2021-07,12503,NAV,NAVISTAR INTERNATIONAL CORP,0.016168795740488698,,ols
2022-01,19199,,,0.01784474430512109,,ols
2022-02,92506,GTS,TRIPLE S MANAGEMENT CORP,0.02011672643082972,,ols
2022-04,17859,VNE,VEONEER INC,0.019912898638931708,,ols
2022-04,93175,,,0.019912898638931708,,ols
2022-04,88421,,,0.015363903957306912,,ols
2022-06,14836,,,0.02102007491365343,,ols
2022-07,15507,SRRA,SIERRA ONCOLOGY INC,-0.0185276404423967,,ols
2022-09,14707,,,0.020599607648640057,,ols
2022-10,15917,,,0.019321446176634564,,ols
2022-12,14641,,,0.018762249388503533,,ols
2022-12,19461,AKUS,AKOUOS INC,-0.02047454872613481,,ols
2023-01,21059,,,-0.020092341720844304,,ols
2023-01,21306,,,-0.020092341720844304,,ols
2023-01,21057,,,-0.020092341720844304,,ols
2023-01,20824,,,-0.020092341720844304,,ols
2023-02,20899,KNBE,KNOWBE4 INC,0.01901443330812995,,ols
2023-03,12437,RFP,RESOLUTE FOREST PRODUCTS INC,0.020686918738989108,,ols
2023-03,19177,,,0.007741459648892707,,ols
2023-04,11786,,,0.004156837625802001,,ols
2023-05,17973,,,-0.018954134576930338,,ols
2023-06,17035,,,0.019391999667620112,,ols
2023-07,20870,,,-0.01848780360047993,,ols
2023-08,20765,,,0.019172983795547403,,ols
2023-08,14167,,,-0.018682825515728366,,ols
2023-10,19989,,,0.01950915750991236,,ols
2023-12,82542,,,0.021247788280342017,,ols
2023-12,88343,PACW,PACWEST BANCORP DE,-0.005619744237125499,,ols
2024-03,75860,,,0.01110667941948376,,ols
2024-03,87078,,,0.006149610061644412,,ols
2024-04,14691,,,-0.018890549538494197,,ols
2024-06,19639,,,0.020855866907461988,,ols
2024-10,18566,,,0.019278306845865407,,ols
2024-10,63765,SWN,SOUTHWESTERN ENERGY CO,0.009768899081256688,,ols
2024-10,81666,,,-0.013155918393891465,,ols
2024-12,20834,LBPH,LONGBOARD PHARMACEUTICALS INC,-0.019299855439023374,,ols
2025-03,20601,,,0.020560213094643284,,ols
2025-05,22149,,,0.021257926639560127,,ols
2025-05,21600,,,-0.01864883769683312,,ols
2025-06,91080,HEES,H & E EQUIPMENT SERVICES INC,0.02131698003780779,,ols
2025-08,21589,,,0.020988557529149403,,ols
2025-08,79866,,,0.020988557529149403,,ols
2025-08,84041,,,0.020988557529149403,,ols
2025-08,83621,,,-0.010122440491987019,,ols
2025-09,19502,,,0.019898810471503603,,ols
2025-12,21120,,,0.021299448134957738,,ols
2025-12,14169,,,0.021299448134957738,,ols
2026-01,85796,,,0.021383068433634675,,ols
2026-01,24248,,,0.021383068433634675,,ols
2026-03,90029,,,0.02129599687886526,,ols
2026-04,88863,,,0.021388004262556215,,ols
2026-07,92220,,,0.01935127312865949,,ols
2026-07,93035,,,0.01935127312865949,,ols
2026-07,15285,,,-0.020648726871348867,,ols
2026-08,14941,,,0.019425002774588605,,ols
2021-01,12914,,,0.016499874325471186,,ridge
2021-01,13957,,,0.016499874325471186,,ridge
2021-02,16579,,,0.014736292172938792,,ridge
2021-03,87379,,,0.016177532599987113,,ridge
2021-03,14244,,,0.016177532599987113,,ridge
2021-05,87066,,,0.016810007766363575,,ridge
2021-06,83720,,,0.010005386642015147,,ridge
2021-08,83111,,,0.012174738768250681,,ridge
2021-09,83422,,,0.017876498903716703,,ridge
2021-11,18787,,,-0.017475945958906357,,ridge
2022-02,92506,GTS,TRIPLE S MANAGEMENT CORP,0.01643004231085712,,ridge
2022-04,16158,,,0.01688387692161596,,ridge
2022-07,10909,,,0.01703701311369601,,ridge
2022-08,11343,,,0.016816340409360885,,ridge
2022-08,15921,,,-0.018474300414638982,,ridge
2022-10,18771,CHNG,CHANGE HEALTHCARE INC,-0.01694136251495599,,ridge
2022-12,19461,AKUS,AKOUOS INC,-0.019572408236714935,,ridge
2023-01,75107,,,0.018508747821326228,,ridge
2023-02,20899,KNBE,KNOWBE4 INC,0.0171938643238353,,ridge
2023-03,12437,RFP,RESOLUTE FOREST PRODUCTS INC,0.019943511373815625,,ridge
2023-04,18736,,,-0.006240709125481096,,ridge
2023-09,13537,,,0.021671906478956053,,ridge
2023-11,21967,,,0.019790465326898574,,ridge
2023-12,82542,,,0.021505109483049418,,ridge
2024-02,14054,,,0.021306596625523144,,ridge
2024-03,75860,,,0.010923961988722348,,ridge
2024-04,16597,,,0.018743529226595584,,ridge
2024-06,19639,,,0.02130317715699189,,ridge
2024-07,22115,,,0.018285690809650333,,ridge
2024-10,18566,,,0.01893573783717671,,ridge
2024-12,15069,,,0.016928202536260036,,ridge
2024-12,20834,LBPH,LONGBOARD PHARMACEUTICALS INC,-0.01874442348902245,,ridge
2025-04,19659,PTVE,PACTIV EVERGREEN INC,0.01989995792803203,,ridge
2025-05,78034,,,0.019962342486162056,,ridge
2025-05,90716,,,0.019962342486162056,,ridge
2025-06,91080,HEES,H & E EQUIPMENT SERVICES INC,0.019976209597381566,,ridge
2025-07,90885,EVRI,EVERI HOLDINGS INC,0.019983195747821893,,ridge
2025-07,16829,RDFN,REDFIN CORP,0.005978339760705274,,ridge
2025-08,79866,,,0.019811700866988084,,ridge
2025-08,84041,,,0.019811700866988084,,ridge
2025-08,85372,,,0.019811700866988084,,ridge
2025-09,19502,,,0.017063286266910532,,ridge
2025-10,81593,COOP,MR COOPER GROUP INC,-0.00873397759195552,,ridge
2025-12,21120,,,0.019250251522012925,,ridge
2025-12,14169,,,0.019250251522012925,,ridge
2026-01,86827,,,0.015513441181864982,,ridge
2026-01,92143,,,0.015513441181864982,,ridge
2026-02,83822,,,0.017006687155503256,,ridge
2026-03,90029,,,0.019182164155210967,,ridge
2026-04,88863,,,0.016862840652883265,,ridge
2026-07,92220,,,0.017270137448607968,,ridge
2026-07,93035,,,0.017270137448607968,,ridge
2026-07,15285,,,-0.022729862551399485,,ridge
2026-08,14941,,,0.017395663531990607,,ridge
2021-02,92239,,,-0.007415325447528477,,lasso
2021-03,92587,,,-0.01800209479553404,,lasso
2021-03,92229,,,-0.01800209479553404,,lasso
2021-05,12089,,,0.018135324673063308,,lasso
2021-05,12374,,,0.01419466086649824,,lasso
2021-05,93393,,,-0.01865497985414217,,lasso
2021-05,91900,,,-0.01865497985414217,,lasso
2021-07,11992,,,0.010431755329189196,,lasso
2021-09,11896,,,0.009915992062529433,,lasso
2021-12,93079,,,-0.01778652713944877,,lasso
2021-12,92523,,,-0.00870537971626015,,lasso
2021-12,91854,,,-0.01778652713944877,,lasso
2022-02,92506,GTS,TRIPLE S MANAGEMENT CORP,-0.018576920607760304,,lasso
2022-04,93175,,,-0.017454607904771838,,lasso
2022-07,10909,,,0.02048145593790831,,lasso
2022-08,11343,,,0.017082307301683152,,lasso
2022-12,91983,,,-0.01916415276491641,,lasso
2023-02,21731,,,0.017692973184312115,,lasso
2023-02,20899,KNBE,KNOWBE4 INC,0.017692973184312115,,lasso
2023-03,12437,RFP,RESOLUTE FOREST PRODUCTS INC,0.01871512759417758,,lasso
2023-03,19177,,,0.007228942467919756,,lasso
2023-06,19660,,,0.019747815294562748,,lasso
2023-10,19989,,,0.01799925548443877,,lasso
2023-11,87268,,,0.009696707170274375,,lasso
2023-11,21967,,,0.017893239005878178,,lasso
2023-12,82542,,,0.01928747635973032,,lasso
2024-01,81696,DISH,DISH NETWORK CORP,-0.0046361755872634716,,lasso
2024-04,14691,,,-0.019283569838670273,,lasso
2024-07,22115,,,0.020689337500211256,,lasso
2024-10,18566,,,0.02057967312816153,,lasso
2024-11,21897,,,0.014335157945668918,,lasso
2024-11,21121,,,0.02019791656841756,,lasso
2024-12,11370,,,0.02048499809702151,,lasso
2024-12,20834,LBPH,LONGBOARD PHARMACEUTICALS INC,-0.019446769882490347,,lasso
2025-02,39693,,,0.01772779100678121,,lasso
2025-03,92095,,,0.018790830169598947,,lasso
2025-05,90716,,,0.020518900317949576,,lasso
2025-06,91080,HEES,H & E EQUIPMENT SERVICES INC,0.020263163841361603,,lasso
2025-07,90885,EVRI,EVERI HOLDINGS INC,0.02051248462637998,,lasso
2025-08,79866,,,0.019847367822074455,,lasso
2025-08,84041,,,0.019847367822074455,,lasso
2025-09,19502,,,0.017814898988354387,,lasso
2025-10,88568,,,0.014726366844453154,,lasso
2025-12,14169,,,0.019364598854714265,,lasso
2026-01,85796,,,0.018954695258117573,,lasso
2026-01,86827,,,0.018954695258117573,,lasso
2026-01,75573,,,0.018954695258117573,,lasso
2026-01,18772,,,-0.021045304741882435,,lasso
2026-02,83822,,,0.017426245682166882,,lasso
2026-03,90029,,,0.01916031492794914,,lasso
2026-03,92593,,,0.01916031492794914,,lasso
2026-04,88863,,,0.019105185458903877,,lasso
2026-07,92220,,,0.017497215187019095,,lasso
2026-07,93035,,,0.017497215187019095,,lasso
2026-07,15285,,,-0.022502784813342686,,lasso
2026-08,14941,,,0.017649972875324903,,lasso
2021-02,92239,,,-0.007415325447528477,,en
2021-03,92587,,,-0.01800209479553404,,en
2021-03,92229,,,-0.01800209479553404,,en
2021-05,12089,,,0.018135324673063308,,en
2021-05,12374,,,0.01419466086649824,,en
2021-05,93393,,,-0.01865497985414217,,en
2021-05,91900,,,-0.01865497985414217,,en
2021-07,11992,,,0.010431755329189196,,en
2021-09,11896,,,0.009915992062529433,,en
2021-12,93079,,,-0.01778652713944877,,en
2021-12,92523,,,-0.00870537971626015,,en
2021-12,91854,,,-0.01778652713944877,,en
2022-02,92506,GTS,TRIPLE S MANAGEMENT CORP,-0.018576920607760304,,en
2022-04,93175,,,-0.017454607904771838,,en
2022-07,10909,,,0.02048145593790831,,en
2022-08,11343,,,0.017082307301683152,,en
2022-12,91983,,,-0.01916415276491641,,en
2023-07,20345,,,0.017344918236313126,,en
2023-10,19989,,,0.01789423313772403,,en
2023-11,21967,,,0.017405150457406194,,en
2023-12,82542,,,0.020616054543258763,,en
2024-01,81696,DISH,DISH NETWORK CORP,-0.004402154815555455,,en
2024-07,22115,,,0.019880223990393422,,en
2024-10,18566,,,0.019997065585657163,,en
2024-11,21897,,,0.013674267944972505,,en
2024-11,21121,,,0.01986979259773068,,en
2024-12,11370,,,0.020137443664225183,,en
2024-12,20834,LBPH,LONGBOARD PHARMACEUTICALS INC,-0.019862556335775182,,en
2025-02,39693,,,0.017125593437179922,,en
2025-03,92095,,,0.01919450006638799,,en
2025-05,90716,,,0.020408961021300964,,en
2025-06,91080,HEES,H & E EQUIPMENT SERVICES INC,0.020183671779443923,,en
2025-07,90885,EVRI,EVERI HOLDINGS INC,0.020397444327507862,,en
2025-08,79866,,,0.019738381948359616,,en
2025-08,84041,,,0.019738381948359616,,en
2025-09,19502,,,0.017566512617119914,,en
2025-10,88568,,,0.01632799885987845,,en
2025-12,14169,,,0.019385881755577178,,en
2026-01,85796,,,0.019344055914928986,,en
2026-01,86827,,,0.019344055914928986,,en
2026-01,75573,,,0.019344055914928986,,en
2026-01,18772,,,-0.020655944085071005,,en
2026-02,83822,,,0.016440524168782906,,en
2026-02,16560,,,0.010533218521315961,,en
2026-03,90029,,,0.019407095190341735,,en
2026-03,92593,,,0.019407095190341735,,en
2026-04,88863,,,0.016910229907761053,,en
2026-07,92220,,,0.017633891248034383,,en
2026-07,93035,,,0.017633891248034383,,en
2026-07,15285,,,-0.022366108752328535,,en
2026-08,14941,,,0.017806249786012036,,en
2021-01,13957,,,0.01665750551492076,,gbm_missing
2021-04,19567,PAND,PANDION THERAPEUTICS INC,0.017837780756706573,,gbm_missing
2021-05,85931,WDR,WADDELL & REED FINANCIAL INC,0.019119603640178277,,gbm_missing
2021-05,27043,,,0.019119603640178277,,gbm_missing
2021-10,59774,LDL,LYDALL INC,-0.018026806750491564,,gbm_missing
2021-12,92523,,,0.008695743806821879,,gbm_missing
2022-01,19199,,,0.014350682804150297,,gbm_missing
2022-01,14426,,,0.014350682804150297,,gbm_missing
2022-03,13316,,,0.018478098044402747,,gbm_missing
2022-03,76722,STFC,STATE AUTO FINANCIAL CORP,-0.02044575236517769,,gbm_missing
2022-04,89445,,,0.01818659635141423,,gbm_missing
2022-06,13169,,,0.012387661446784859,,gbm_missing
2022-06,88905,,,0.020657018715258556,,gbm_missing
2022-06,14836,,,0.020657018715258556,,gbm_missing
2022-07,76788,,,0.018187266672014535,,gbm_missing
2022-07,15507,SRRA,SIERRA ONCOLOGY INC,-0.019012989925931346,,gbm_missing
2022-07,19856,,,-0.019012989925931346,,gbm_missing
2022-09,19767,,,0.021264357202026424,,gbm_missing
2022-09,80185,,,-0.01873564279799616,,gbm_missing
2022-09,17037,,,-0.01873564279799616,,gbm_missing
2022-10,14159,,,0.020825451914115292,,gbm_missing
2022-10,82686,,,-0.019174548085888247,,gbm_missing
2022-12,19461,AKUS,AKOUOS INC,-0.019180797995138176,,gbm_missing
2023-01,20549,,,0.02046118964326669,,gbm_missing
2023-01,75107,,,0.02046118964326669,,gbm_missing
2023-02,93301,,,0.01884526428079625,,gbm_missing
2023-03,90734,,,-0.019024634208900455,,gbm_missing
2023-04,17201,,,0.010450541299293415,,gbm_missing
2023-04,20470,,,-0.01628689224372449,,gbm_missing
2023-04,17790,,,-0.01961602498813372,,gbm_missing
2023-05,91365,,,0.019265790571275733,,gbm_missing
2023-07,20870,,,-0.019352013815470172,,gbm_missing
2023-09,16557,NEX,NEXTIER OILFIELD SOLUTIONS INC,0.015698760410911953,,gbm_missing
2023-10,16068,,,-0.018854736250304625,,gbm_missing
2023-10,15071,,,-0.018854736250304625,,gbm_missing
2023-12,86544,,,0.020497355075634258,,gbm_missing
2024-01,81696,DISH,DISH NETWORK CORP,0.004689183160812377,,gbm_missing
2024-03,20441,,,0.020270076351346807,,gbm_missing
2024-03,87078,,,-0.00572519967381569,,gbm_missing
2024-04,80926,CPE,CALLON PETROLEUM CO DEL,0.008441639284052489,,gbm_missing
2024-06,19639,,,0.020343754064784173,,gbm_missing
2024-06,90194,,,0.014525206541654925,,gbm_missing
2024-08,56822,,,0.01836969416180356,,gbm_missing
2024-08,19547,CERE,CEREVEL THERAPEUTICS HLDGS INC,-0.01673043116760259,,gbm_missing
2024-12,20834,LBPH,LONGBOARD PHARMACEUTICALS INC,-0.020154272142387842,,gbm_missing
2025-07,18961,SWTX,SPRINGWORKS THERAPEUTICS INC,-0.01839402070744783,,gbm_missing
2025-09,80795,,,0.020219851829777584,,gbm_missing
2025-11,22096,,,0.014187759964449686,,gbm_missing
2025-12,26126,,,0.0031631378709062316,,gbm_missing
2025-12,89397,,,-0.018072942212371653,,gbm_missing
2026-02,13116,,,-0.011353927373678466,,gbm_missing
2026-07,15397,,,0.006775303819698485,,gbm_missing
2026-07,92502,,,-0.020779965310648463,,gbm_missing
2026-08,21096,,,0.012222644007729964,,gbm_missing
2026-08,21747,,,-0.01926549885760075,,gbm_missing
2021-01,17334,,,0.015556108680577515,,gbm_median
2021-05,27043,,,0.018361112479536923,,gbm_median
2021-05,85931,WDR,WADDELL & REED FINANCIAL INC,-0.01827058871107708,,gbm_median
2021-06,31077,,,0.016557378678738882,,gbm_median
2022-01,19199,,,0.01933092135951832,,gbm_median
2022-02,14414,,,-0.01963661104471039,,gbm_median
2022-06,88905,,,-0.018117384310873754,,gbm_median
2022-07,15507,SRRA,SIERRA ONCOLOGY INC,-0.018220544809248826,,gbm_median
2022-09,18567,,,-0.018103378902528843,,gbm_median
2022-12,19461,AKUS,AKOUOS INC,-0.01738425745734413,,gbm_median
2023-09,21894,,,-0.007483845373703592,,gbm_median
2023-09,16557,NEX,NEXTIER OILFIELD SOLUTIONS INC,-0.012336893666688631,,gbm_median
2023-12,92257,,,0.01325896961834688,,gbm_median
2023-12,86544,,,-0.01895812298937583,,gbm_median
2024-01,88949,,,0.016387973860413282,,gbm_median
2024-02,16837,,,-0.017673167337644194,,gbm_median
2024-04,91363,,,0.018823462330185434,,gbm_median
2024-06,90194,,,0.014130070231435175,,gbm_median
2024-07,21767,,,-0.019857203725794973,,gbm_median
2024-11,21897,,,0.013109906713393474,,gbm_median
2024-11,16827,,,-0.019809594739867854,,gbm_median
2024-12,11370,,,0.020457969387476557,,gbm_median
2024-12,93369,,,0.020457969387476557,,gbm_median
2024-12,20834,LBPH,LONGBOARD PHARMACEUTICALS INC,-0.01954203061252362,,gbm_median
2025-01,14763,,,0.02017811257299754,,gbm_median
2025-03,18895,CFB,CROSSFIRST BANKSHARES INC,-0.009931084068775338,,gbm_median
2025-04,17034,,,0.018036991718679143,,gbm_median
2025-05,78034,,,0.019634760275549383,,gbm_median
2025-05,22086,,,0.01675240907762452,,gbm_median
2025-05,90716,,,0.019634760275549383,,gbm_median
2025-06,91080,HEES,H & E EQUIPMENT SERVICES INC,0.01715385163631235,,gbm_median
2025-06,57817,,,-0.019932231509620243,,gbm_median
2025-09,85020,PPBI,PACIFIC PREMIER BANCORP INC,0.009375373009050465,,gbm_median
2025-10,81593,COOP,MR COOPER GROUP INC,0.00629548473236076,,gbm_median
2025-12,21120,,,-0.020167413186301043,,gbm_median
2025-12,89397,,,-0.020167413186301043,,gbm_median
2026-01,86827,,,0.015087531435067247,,gbm_median
2026-07,15397,,,0.006503502664235223,,gbm_median
2026-07,92502,,,0.018586664992721137,,gbm_median
2026-07,16660,,,-0.01991144958158807,,gbm_median
2021-02,14634,,,-0.010096308566224031,,gbm_median_matched
2021-06,31077,,,0.020018565808071754,,gbm_median_matched
2021-10,59774,LDL,LYDALL INC,-0.01968538452530022,,gbm_median_matched
2021-12,15220,,,0.019483803963394157,,gbm_median_matched
2022-03,76722,STFC,STATE AUTO FINANCIAL CORP,-0.019339119399739996,,gbm_median_matched
2022-04,17859,VNE,VEONEER INC,0.02085629936031622,,gbm_median_matched
2022-04,16158,,,0.02085629936031622,,gbm_median_matched
2022-04,89445,,,-0.01914370063968378,,gbm_median_matched
2022-05,12758,ECOL,U S ECOLOGY INC NEW,-0.017380122899861385,,gbm_median_matched
2022-06,88905,,,-0.018195336888478995,,gbm_median_matched
2022-07,15507,SRRA,SIERRA ONCOLOGY INC,-0.018873620253490573,,gbm_median_matched
2022-07,19856,,,-0.018873620253490573,,gbm_median_matched
2022-08,11343,,,0.018824230110122995,,gbm_median_matched
2022-09,17037,,,-0.019325361278276745,,gbm_median_matched
2022-10,82686,,,-0.018043266241249363,,gbm_median_matched
2023-03,90734,,,-0.019797760986554468,,gbm_median_matched
2023-04,18736,,,-0.006008422975346175,,gbm_median_matched
2023-07,85187,,,-0.01672527813114645,,gbm_median_matched
2023-10,16068,,,-0.01721741906584106,,gbm_median_matched
2023-12,92257,,,0.014483639565309464,,gbm_median_matched
2023-12,86544,,,-0.020105361079313797,,gbm_median_matched
2024-04,91363,,,0.017409023015237328,,gbm_median_matched
2024-06,90194,,,0.012522235695121004,,gbm_median_matched
2024-09,11587,,,-0.021122403123190726,,gbm_median_matched
2024-11,16827,,,-0.021947254995735223,,gbm_median_matched
2024-12,93369,,,0.01887333407408245,,gbm_median_matched
2024-12,20834,LBPH,LONGBOARD PHARMACEUTICALS INC,-0.021126665925917557,,gbm_median_matched
2025-02,39693,,,-0.018892176222795612,,gbm_median_matched
2025-06,91080,HEES,H & E EQUIPMENT SERVICES INC,0.018872560118890967,,gbm_median_matched
2025-12,89397,,,-0.018761341252810235,,gbm_median_matched
2026-01,18772,,,0.01724171596377133,,gbm_median_matched
2026-02,21297,,,0.019080462043076986,,gbm_median_matched
2026-03,92597,,,0.01991053337498364,,gbm_median_matched
2026-07,15397,,,0.006224142576585939,,gbm_median_matched
2026-08,21096,,,0.012059441282796308,,gbm_median_matched
2026-08,91606,,,0.016591700911451714,,gbm_median_matched
2021-01,12914,,,0.016095136450066643,,annual_blend
2021-01,17334,,,0.012276865902868658,,annual_blend
2021-02,16579,,,0.01491528900492491,,annual_blend
2021-03,14244,,,0.014556543389410448,,annual_blend
2021-04,19567,PAND,PANDION THERAPEUTICS INC,-0.021415895669162705,,annual_blend
2021-05,91900,,,0.016521871513614304,,annual_blend
2021-05,93393,,,-0.02051685542868577,,annual_blend
2021-08,83111,,,0.0143856568344698,,annual_blend
2022-01,19199,,,0.017,,annual_blend
2022-02,92506,GTS,TRIPLE S MANAGEMENT CORP,0.020168633833436915,,annual_blend
2022-03,43837,,,0.017719910947773358,,annual_blend
2022-03,76201,,,0.004651862981717592,,annual_blend
2022-03,76722,STFC,STATE AUTO FINANCIAL CORP,-0.020237730185253485,,annual_blend
2022-04,89445,,,0.020042002272606135,,annual_blend
2022-04,16158,,,0.020042002272606135,,annual_blend
2022-07,19856,,,-0.016999999999999998,,annual_blend
2022-08,11343,,,0.018856320337869818,,annual_blend
2022-08,15921,,,-0.01709056179325951,,annual_blend
2022-09,17037,,,-0.01783848918649635,,annual_blend
2022-10,18771,CHNG,CHANGE HEALTHCARE INC,-0.016829046225215798,,annual_blend
2022-12,13890,,,0.02151363621680545,,annual_blend
2022-12,19461,AKUS,AKOUOS INC,-0.018486363783194553,,annual_blend
2023-01,20549,,,0.019719721970974678,,annual_blend
2023-01,75107,,,0.019719721970974678,,annual_blend
2023-02,20899,KNBE,KNOWBE4 INC,0.01676689926102744,,annual_blend
2023-03,12437,RFP,RESOLUTE FOREST PRODUCTS INC,0.021346914112076332,,annual_blend
2023-04,18736,,,-0.006482158000506656,,annual_blend
2023-05,17973,,,-0.017755452783926557,,annual_blend
2023-06,17035,,,0.019648253072711633,,annual_blend
2023-10,19989,,,0.019235444071075674,,annual_blend
2023-11,21967,,,0.01901776130270541,,annual_blend
2023-12,82542,,,0.02204078584468655,,annual_blend
2023-12,88343,PACW,PACWEST BANCORP DE,-0.005096194594302186,,annual_blend
2023-12,86544,,,-0.01795921415531353,,annual_blend
2024-04,91363,,,0.020045999011489943,,annual_blend
2024-06,90194,,,0.01490390380507301,,annual_blend
2024-07,21767,,,-0.020017688849388263,,annual_blend
2024-11,21897,,,0.013397836442694749,,annual_blend
2024-11,16827,,,-0.019292911163626802,,annual_blend
2024-12,11370,,,0.02110084279283855,,annual_blend
2024-12,93369,,,0.02110084279283855,,annual_blend
2024-12,20834,LBPH,LONGBOARD PHARMACEUTICALS INC,-0.018899157207161617,,annual_blend
2025-05,90716,,,0.019947563037851702,,annual_blend
2025-05,78034,,,0.019947563037851702,,annual_blend
2025-06,91080,HEES,H & E EQUIPMENT SERVICES INC,0.01829495499829438,,annual_blend
2025-08,79866,,,0.01827577901149118,,annual_blend
2025-08,84041,,,0.01827577901149118,,annual_blend
2025-09,19502,,,0.01978642881964326,,annual_blend
2025-10,88568,,,0.014836111537901188,,annual_blend
2025-10,81593,COOP,MR COOPER GROUP INC,-0.008432123532725658,,annual_blend
2025-12,14169,,,0.01889874996953823,,annual_blend
2026-01,86827,,,0.017407564773238463,,annual_blend
2026-01,92143,,,0.017407564773238463,,annual_blend
2026-02,83822,,,0.017856559557759402,,annual_blend
2026-03,90029,,,0.019125447653757722,,annual_blend
2026-04,88863,,,0.01915973164194477,,annual_blend
2026-07,92220,,,0.017460835204833578,,annual_blend
2026-07,93035,,,0.017460835204833578,,annual_blend
2026-07,15285,,,-0.022539164795566734,,annual_blend
2026-08,14941,,,0.01769594129527397,,annual_blend
