cost_bps,months,cagr,cumulative_return,ir,sharpe,alpha_annual,alpha_t,beta,beta_se,max_drawdown,hit_rate,mean_traded_nav,mean_gross,min_net,max_net,max_weight,missing_positions,mean_missing_gross,max_missing_gross,model
0,68,0.08853291219498027,0.6172191162111595,0.16789723527348532,0.5424588553317975,0.0707715716631451,1.3443166243438225,-0.12177184983375458,0.0789860988238251,-0.1397050736326828,0.5882352941176471,1.0543266224406578,2.0,-0.21552556948789126,0.15121963995200682,0.022155255694881512,61,0.016258715353984217,0.08036936688337722,ols
10,68,0.07490167269749581,0.5057614906843868,0.04928300757207513,0.42325141860521237,0.058092072163609815,1.1011167695419517,-0.12157408207379022,0.079042383957509,-0.14512532487775864,0.5882352941176471,1.0548869751343708,2.0,-0.21552556948789126,0.15121963995200682,0.022155255694881512,61,0.016258715353984217,0.08036936688337722,ols
20,68,0.06141209841108641,0.4017681574622125,-0.0690807994916296,0.30428260697454146,0.045398928215494995,0.8586508581772765,-0.12137617252125116,0.07910304776150638,-0.16166428214492867,0.5441176470588235,1.0554548707885825,2.0,-0.21552556948789126,0.15121963995200682,0.022155255694881512,61,0.016258715353984217,0.08036936688337722,ols
30,68,0.04806275001926208,0.30475194265143024,-0.18718529496341402,0.185561525568714,0.032691822341727426,0.6169436627525869,-0.12117799112447397,0.07916804562521408,-0.17864270455212117,0.5,1.056031204285689,2.0,-0.21552556948789126,0.15121963995200682,0.022155255694881512,61,0.016258715353984217,0.08036936688337722,ols
50,68,0.021779249239767706,0.1298569081607983,-0.42258020740231245,-0.05110052471879054,0.007234690906905704,0.13590657493198502,-0.12078086162564547,0.07931090158687533,-0.21169402164744644,0.5,1.0572062516435619,2.0,-0.21552556948789126,0.15121963995200682,0.022155255694881512,61,0.016258715353984217,0.08036936688337722,ols
0,68,0.19545842776633182,1.7501858443557898,0.7948319091077221,1.066528750204456,0.1649517329446641,2.034860065268816,-0.0752376793837429,0.14806369448525333,-0.12982290230783888,0.6029411764705882,0.9828955270664821,2.0,-0.30000000000000004,0.17193451441199747,0.022729862551399485,54,0.013747857270680985,0.059435102600964254,ridge
10,68,0.18157944878209653,1.5740872445923704,0.7133077586965245,0.9844830016793171,0.15311560407690453,1.8815259684809433,-0.07489725290278143,0.14839953947330242,-0.14687609874086271,0.5735294117647058,0.983352404251139,2.0,-0.30000000000000004,0.17193451441199747,0.022729862551399485,54,0.013747857270680985,0.059435102600964254,ridge
20,68,0.16783424961819815,1.4089447783739986,0.6319933604628674,0.9026371828285611,0.1412683022855144,1.7291496683550258,-0.07455606945818516,0.1487379219658114,-0.16363481830146276,0.5735294117647058,0.9838146166373724,2.0,-0.30000000000000004,0.17193451441199747,0.022729862551399485,54,0.013747857270680985,0.059435102600964254,ridge
30,68,0.15422161218969532,1.2540946310324328,0.5508967993059084,0.8209995146438206,0.12940963723835797,1.5777413754830936,-0.07421420043228023,0.14907883840473538,-0.18010355556921498,0.5588235294117647,0.9842823251300135,2.0,-0.30000000000000004,0.17193451441199747,0.022729862551399485,54,0.013747857270680985,0.059435102600964254,ridge
50,68,0.1273892639537102,0.9728106492223834,0.38938909628508156,0.6583810544217722,0.10565752678815263,1.2778678543711133,-0.07352896946750531,0.14976819247725195,-0.21305099519953663,0.5294117647058824,0.9852335405783762,2.0,-0.30000000000000004,0.17193451441199747,0.022729862551399485,54,0.013747857270680985,0.059435102600964254,ridge
0,68,0.06417319974096447,0.42255739830391725,-0.11319295250358398,0.4531431019175167,0.030395126722721225,0.9788404819462587,0.015268149995876137,0.056404607300094986,-0.0832754310031123,0.45588235294117646,0.9555375720264823,2.0,-0.25027848133426844,0.14786187388895644,0.022502784813342686,56,0.014314347122845907,0.07790939051623515,lasso
10,68,0.052080081778350884,0.33334701070753936,-0.2749788716495952,0.2900168137577794,0.01905283411484441,0.6153220030599363,0.014029419019017556,0.056618101175721705,-0.09084082844444352,0.45588235294117646,0.9560770190176278,2.0,-0.25027848133426844,0.14786187388895644,0.022502784813342686,56,0.014314347122845907,0.07790939051623515,lasso
20,68,0.040096632306970914,0.24954215172079275,-0.4359638907108463,0.12740990610835778,0.007697154113058096,0.24908594690783895,0.012792570188784137,0.05685810989112057,-0.09835942002758724,0.4411764705882353,0.9566265569445113,2.0,-0.25027848133426844,0.14786187388895644,0.022502784813342686,56,0.014314347122845907,0.07790939051623515,lasso
30,68,0.028221900532598543,0.1708254368422053,-0.5959144319320451,-0.03443731949040601,-0.003672156602537384,-0.118973693911986,0.01155760864562369,0.05712424803390433,-0.10590112596698242,0.39705882352941174,0.9571828386994109,2.0,-0.25027848133426844,0.14786187388895644,0.022502784813342686,56,0.014314347122845907,0.07790939051623515,lasso
50,68,0.004794822538418897,0.02747643136087463,-0.9118206682318064,-0.3549301183474457,-0.026452659592078882,-0.8568492758147932,0.00909338626951766,0.05773324532298981,-0.13875016716173538,0.36764705882352944,0.9583158705070728,2.0,-0.25027848133426844,0.14786187388895644,0.022502784813342686,56,0.014314347122845907,0.07790939051623515,lasso
0,68,0.06644208027368115,0.4398299921494251,-0.08569064753245459,0.49161253237647307,0.029657081482556087,0.9429402984856542,0.04177677739610177,0.054597518713662974,-0.07968539469134561,0.4411764705882353,0.9381717433503177,2.0,-0.23661087523285307,0.14786187388895644,0.022366108752328535,51,0.013065039575048482,0.07868811182985797,en
10,68,0.05455943582023903,0.3512509669192492,-0.24839053610353842,0.3292109082975866,0.01850899193679802,0.5894713233078208,0.040675639086570695,0.054517885757217485,-0.08213131188549994,0.4264705882352941,0.9386842660876556,2.0,-0.23661087523285307,0.14786187388895644,0.022366108752328535,51,0.013065039575048482,0.07868811182985797,en
20,68,0.04278270996658673,0.2679388903209472,-0.4112167816830904,0.166371961338757,0.007348330440107598,0.23423814713619487,0.039575727095127626,0.05446421819439504,-0.09603666046405135,0.4264705882352941,0.9392027089345591,2.0,-0.23661087523285307,0.14786187388895644,0.022366108752328535,51,0.013065039575048482,0.07868811182985797,en
30,68,0.03111100499231667,0.18959023848886347,-0.5739086804617303,0.003355549981118722,-0.003825113721162482,-0.12194474269937286,0.0384769713755494,0.05443655088386409,-0.11260227375883924,0.36764705882352944,0.9397272101270789,2.0,-0.23661087523285307,0.14786187388895644,0.022366108752328535,51,0.013065039575048482,0.07868811182985797,en
50,68,0.008078883892837618,0.0466519022603431,-0.8978528968131366,-0.32216963704575247,-0.026211503713975817,-0.8338403224325555,0.03628340280363675,0.054459271926500574,-0.14842890081811377,0.3382352941176471,0.9407982422685051,2.0,-0.23661087523285307,0.14786187388895644,0.022366108752328535,51,0.013065039575048482,0.07868811182985797,en
0,68,0.08870445160943241,0.6186638192458622,0.16552025915045174,0.5352045870891684,0.06307599767382623,1.1252816057675656,-0.048993283068356444,0.11751507371322321,-0.13303004233133175,0.45588235294117646,1.2794238664731146,2.0,-0.28511593578057437,0.22364074961985136,0.022851159357805746,55,0.013594909997893895,0.058735642798018746,gbm_missing
10,68,0.07218188359489863,0.484298677227865,0.023484388827059503,0.3924066354084814,0.04765272991619135,0.8478862873332398,-0.04842265896622778,0.11739267650595166,-0.16017675788322727,0.4411764705882353,1.2802576682795515,2.0,-0.28511593578057437,0.22364074961985136,0.022851159357805746,55,0.013594909997893895,0.058735642798018746,gbm_missing
20,68,0.05586607223175233,0.3607658410152592,-0.11813478517970609,0.2499694796113008,0.03220905083951233,0.5714557028275032,-0.04785077186021319,0.11727376997025037,-0.198276228539493,0.4264705882352941,1.2811025902670412,2.0,-0.28511593578057437,0.22364074961985136,0.022851159357805746,55,0.013594909997893895,0.058735642798018746,gbm_missing
30,68,0.039754478743422306,0.247214636096315,-0.25927708578150516,0.10795394455560235,0.016744403258663686,0.2961637689287522,-0.04727761090196202,0.11715840318248753,-0.24311887484539751,0.39705882352941174,1.2819629578406921,2.0,-0.28511593578057437,0.22364074961985136,0.022851159357805746,55,0.013594909997893895,0.058735642798018746,gbm_missing
50,68,0.008134531147117485,0.046979344796258315,-0.5398912468139471,-0.17456879218756435,-0.01424952435685832,-0.25031706733427417,-0.04612744628843203,0.11693837077136134,-0.32576879149863336,0.3382352941176471,1.2837217055387296,2.0,-0.28511593578057437,0.22364074961985136,0.022851159357805746,55,0.013594909997893895,0.058735642798018746,gbm_missing
0,68,-0.016299947033278306,-0.08892260706756483,-1.221966208687453,-0.6579394549245088,-0.04295817259315968,-1.3484292661191135,-0.03510456071152232,0.04988188681412148,-0.20251199378951312,0.35294117647058826,1.2583590957840705,2.0,-0.1499638873058976,0.19294479491281635,0.02146301909968347,40,0.009840801475459024,0.06045796938747673,gbm_median
10,68,-0.03107940994664138,-0.16382011717493183,-1.4366318027768157,-0.8719824560333977,-0.05818280862989622,-1.8261037718511774,-0.03403124938892443,0.04996028868650784,-0.21940006215854713,0.3235294117647059,1.2592874093601178,2.0,-0.1499638873058976,0.19294479491281635,0.02146301909968347,40,0.009840801475459024,0.06045796938747673,gbm_median
20,68,-0.04568032699709357,-0.23275870740333715,-1.6508563883818959,-1.0860057734563793,-0.07343018574673049,-2.301056529336283,-0.032956989787927764,0.05008244885482003,-0.2785787095268827,0.3088235294117647,1.2602307876286993,2.0,-0.1499638873058976,0.19294479491281635,0.02146301909968347,40,0.009840801475459024,0.06045796938747673,gbm_median
30,68,-0.0601046720123809,-0.29619807881261584,-1.8641548845967537,-1.299528425714056,-0.08870072138823892,-2.771253348529561,-0.031882082113721386,0.05024851262406063,-0.3334314735247319,0.3088235294117647,1.2611866409810717,2.0,-0.1499638873058976,0.19294479491281635,0.02146301909968347,40,0.009840801475459024,0.06045796938747673,gbm_median
50,68,-0.08843132798301656,-0.40824779602065153,-2.2860536505215308,-1.7231534493430807,-0.1193129833051344,-3.689634982492663,-0.02973045480177996,0.050712098400184945,-0.43136075310981925,0.25,1.2631346495203575,2.0,-0.1499638873058976,0.19294479491281635,0.02146301909968347,40,0.009840801475459024,0.06045796938747673,gbm_median
0,68,0.0538629051594639,0.3462012902514757,-0.16301418117479974,0.2508878497136473,0.02123870259477765,0.5830255672325918,0.02851811957814039,0.09623974369719253,-0.1257049465604997,0.4264705882352941,1.2048118752837407,2.0,-0.19472549957352236,0.18802418519930963,0.021947254995735223,36,0.009323057528352581,0.060856299360316224,gbm_median_matched
10,68,0.03877157288476529,0.24054822500869033,-0.31248925965451896,0.10111249298068001,0.006743060738228151,0.18559955172294493,0.028786117015161934,0.09613661292625417,-0.13476743344646946,0.39705882352941174,1.2056149931198203,2.0,-0.19472549957352236,0.18802418519930963,0.021947254995735223,36,0.009323057528352581,0.060856299360316224,gbm_median_matched
20,68,0.02385619956477636,0.14293306730928723,-0.461829498595951,-0.048634404470863944,-0.007772176621496844,-0.21434359927509727,0.029055213230804674,0.09604300050859067,-0.15963470413674263,0.38235294117647056,1.2064266443853005,2.0,-0.19472549957352236,0.18802418519930963,0.021947254995735223,36,0.009323057528352581,0.060856299360316224,gbm_median_matched
30,68,0.009114981290622826,0.05276241392000314,-0.610922217823599,-0.19823982353509162,-0.022307297389140345,-0.61594886702499,0.02932538473302398,0.09595899778991844,-0.1892426326383132,0.36764705882352944,1.2072463618207854,2.0,-0.19472549957352236,0.18802418519930963,0.021947254995735223,36,0.009323057528352581,0.060856299360316224,gbm_median_matched
50,68,-0.019852638187379257,-0.10741182980793251,-0.9079222367418005,-0.49658133422184614,-0.051438904610528996,-1.420616967588778,0.029869082849650497,0.09582024919492815,-0.2546172986054669,0.35294117647058826,1.208919000258729,2.0,-0.19472549957352236,0.18802418519930963,0.021947254995735223,36,0.009323057528352581,0.060856299360316224,gbm_median_matched
0,68,0.11146925441252686,0.82005943762212,0.32805544130782666,0.6498020913069202,0.08583921012453981,1.3211074544361074,-0.047933659435123364,0.12662512151988217,-0.14916736988631762,0.5588235294117647,1.1111394852603453,2.0,-0.30000000000000027,0.30000000000000027,0.022925838300708015,60,0.01550760404841274,0.061100842792838714,annual_blend
10,68,0.09681607931680314,0.6882039625131102,0.22025415268558268,0.5412885221402067,0.0723992215979461,1.108974720117386,-0.04699741452671008,0.12695341424796308,-0.17076525131401232,0.5441176470588235,1.111771323222108,2.0,-0.30000000000000027,0.30000000000000027,0.022925838300708015,60,0.01550760404841274,0.061100842792838714,annual_blend
20,68,0.08232216790955826,0.5656228006992319,0.11279729366171852,0.4330973658587751,0.058943696122465236,0.8985117636977137,-0.04605943144679187,0.12728726180855435,-0.19187526370800534,0.5147058823529411,1.1124110585664384,2.0,-0.30000000000000027,0.30000000000000027,0.022925838300708015,60,0.01550760404841274,0.061100842792838714,annual_blend
30,68,0.06798593001178643,0.45168150387675765,0.005705678273563141,0.3252497431767773,0.0454723697734502,0.6897578633507755,-0.045119690918609345,0.1276266537217959,-0.21250745058026577,0.5,1.1130580686829061,2.0,-0.30000000000000027,0.30000000000000027,0.022925838300708015,60,0.01550760404841274,0.061100842792838714,annual_blend
50,68,0.03977972971863997,0.24738628491981807,-0.2073041781528385,0.11066419006474217,0.01848084758173569,0.2775180703521956,-0.04323546002920167,0.1283219420620095,-0.252377824871049,0.4264705882352941,1.1143818200305207,2.0,-0.30000000000000027,0.30000000000000027,0.022925838300708015,60,0.01550760404841274,0.061100842792838714,annual_blend
